wordnet_person_100007846	1
wordnet_player_110439851	2
wordnet_football_player_110101634	3
wordnet_organism_100004475	4
wordnet_administrative_district_108491826	5
wordnet_site_108651247	6
wordnet_city_108524735	7
wordnet_forward_110105733	8
wordnet_defender_109614684	9
wordnet_club_108227214	10
wordnet_director_110014939	11
wordnet_exile_110071332	12
wordnet_actor_109765278	13
wordnet_movie_106613686	14
wordnet_alumnus_109786338	15
wordnet_entertainer_109616922	16
wordnet_artist_109812338	17
wordnet_writer_110794014	18
wordnet_organization_108008335	19
wordnet_woman_110787470	20
wordnet_winner_110782940	21
wordnet_musician_110339966	22
wordnet_town_108665504	23
wordnet_municipality_108626283	24
wordnet_goalkeeper_110134001	25
wordnet_screenwriter_110564400	26
wordnet_county_108546183	27
wordnet_film_director_110088200	28
wordnet_singer_110599806	29
wordnet_soccer_player_110618342	30
wordnet_politician_110450303	31
wordnet_district_108552138	32
wordnet_composer_109947232	33
wordnet_team_108208560	34
wordnet_manufacturer_110292316	35
wordnet_fellow_110083526	36
wordnet_region_108630039	37
wordnet_scientist_110560637	38
wordnet_rival_110533013	39
wordnet_film_maker_110088390	40
wordnet_officeholder_110371450	41
wordnet_county_seat_108547143	42
wordnet_actress_109767700	43
wordnet_basketball_player_109842047	44
wordnet_sovereign_110628644	45
wordnet_winger_110782471	46
wordnet_airport_102692232	47
wordnet_university_108286569	48
wordnet_country_108544813	49
wordnet_educational_institution_108276342	50
wordnet_medalist_110305062	51
wordnet_state_108654360	52
wordnet_location_100027167	53
wordnet_minister_110320863	54
wordnet_subdivision_108674251	55
wordnet_object_100002684	56
wordnet_novelist_110363573	57
wordnet_coach_109931640	58
wordnet_scholar_110557854	59
wordnet_guitarist_110151760	60
wordnet_village_108672738	61
wordnet_album_106591815	62
wordnet_area_108497294	63
wordnet_military_officer_110317007	64
wordnet_emigrant_110051975	65
wordnet_hockey_player_110179291	66
wordnet_award_106696483	67
wordnet_fullback_110115430	68
wordnet_company_108058098	69
wordnet_capital_108518505	70
wordnet_airfield_102687992	71
wordnet_commune_108541609	72
wordnet_knight_110238375	73
wordnet_athlete_109820263	74
wordnet_president_110467179	75
wordnet_comedian_109940146	76
wordnet_conflict_100958896	77
wordnet_commanding_officer_109941964	78
wordnet_ruler_110541229	79
wordnet_football_team_108080025	80
wordnet_poet_110444194	81
wordnet_philosopher_110423589	82
wordnet_event_100029378	83
wordnet_laureate_110249011	84
wordnet_party_108256968	85
wordnet_dramatist_110030277	86
wordnet_mathematician_110301261	87
wordnet_journalist_110224578	88
wordnet_atheist_109820044	89
wordnet_guard_110150071	90
wordnet_general_110123844	91
wordnet_editor_110044879	92
wordnet_convert_109962414	93
wordnet_hockey_team_108080386	94
wordnet_battle_100953559	95
wordnet_theorist_110706812	96
wordnet_pianist_110430665	97
wordnet_basketball_team_108079852	98
wordnet_island_109316454	99
wordnet_academician_109759069	100
wordnet_physicist_110428004	101
wordnet_leader_109623038	102
wordnet_militant_110315837	103
wordnet_duke_110038620	104
wordnet_prize_winner_109627807	105
wordnet_survivor_110681194	106
wordnet_model_110324560	107
wordnet_prince_110472799	108
wordnet_remake_104074329	109
wordnet_performer_110415638	110
wordnet_vicinity_108641113	111
wordnet_educator_110045713	112
wordnet_citizen_109923673	113
wordnet_war_100973077	114
wordnet_participant_110401829	115
wordnet_head_of_state_110164747	116
wordnet_port_108633957	117
wordnet_musical_organization_108246613	118
wordnet_essayist_110064405	119
wordnet_economist_110043643	120
wordnet_school_108276720	121
wordnet_mayor_110303814	122
wordnet_interior_designer_110210648	123
wordnet_chemist_109913824	124
wordnet_historian_110177150	125
wordnet_critic_109979321	126
wordnet_diarist_110011486	127
wordnet_keyboardist_110229883	128
wordnet_lawyer_110249950	129
wordnet_soldier_110622053	130
wordnet_presenter_110466387	131
wordnet_doctor_110020890	132
wordnet_executive_110069645	133
wordnet_director_110015215	134
wordnet_agnostic_109779124	135
wordnet_companion_109945905	136
wordnet_inventor_110214637	137
wordnet_host_110187130	138
wordnet_translator_110725280	139
wordnet_head_110162991	140
wordnet_television_106277280	141
wordnet_princess_110474064	142
wordnet_biologist_109855630	143
wordnet_autobiographer_109825296	144
wordnet_count_109969218	145
wordnet_medalist_110304914	146
wordnet_oeuvre_103841417	147
wordnet_rock_group_108250501	148
wordnet_engineer_109615807	149
wordnet_seat_108647616	150
wordnet_socialist_110618848	151
wordnet_diplomat_110013927	152
wordnet_prisoner_110476086	153
wordnet_philanthropist_110421956	154
wordnet_governor_110140314	155
wordnet_body_of_water_109225146	156
wordnet_borough_108540532	157
wordnet_feminist_110084635	158
wordnet_dancer_109989502	159
wordnet_ambassador_109787534	160
wordnet_advocate_109774783	161
wordnet_regent_110516117	162
wordnet_hockey_coach_110179207	163
wordnet_provincial_capital_108695198	164
wordnet_humorist_110191943	165
wordnet_victim_110752093	166
wordnet_rapper_110507482	167
wordnet_king_110231515	168
wordnet_aviator_109826204	169
wordnet_research_worker_110523076	170
wordnet_secretary_110570019	171
wordnet_organizer_110383237	172
wordnet_literary_critic_110266016	173
wordnet_observer_110369528	174
wordnet_computer_scientist_109951070	175
wordnet_venue_108677628	176
wordnet_painter_110391653	177
wordnet_champion_109906704	178
wordnet_architect_109805475	179
wordnet_blogger_109860415	180
wordnet_duchess_110038409	181
wordnet_mountain_109359803	182
wordnet_libertarian_110257524	183
wordnet_jurist_110227985	184
wordnet_finance_minister_110089892	185
wordnet_social_scientist_110619642	186
wordnet_drummer_110036929	187
wordnet_center_108523483	188
wordnet_hero_110325013	189
wordnet_practitioner_110462860	190
wordnet_dame_109989045	191
wordnet_consort_109958724	192
wordnet_owner_110388924	193
wordnet_jazz_musician_110220486	194
wordnet_foreign_minister_110103794	195
wordnet_cartoonist_109898346	196
wordnet_honoree_110183757	197
wordnet_theologian_110705615	198
wordnet_order_107168623	199
wordnet_institution_108053576	200
wordnet_symbol_106806469	201
wordnet_humanist_110191192	202
wordnet_beach_109217230	203
wordnet_state_senator_110650076	204
wordnet_collector_109936620	205
wordnet_disk_jockey_110017272	206
wordnet_maestro_110280130	207
wordnet_senator_110578471	208
wordnet_psychologist_110488865	209
wordnet_immigrant_110199489	210
wordnet_zone_108688247	211
wordnet_archipelago_109203827	212
wordnet_army_officer_109809749	213
wordnet_emperor_110053004	214
wordnet_volleyball_player_110759047	215
wordnet_cameraman_109889539	216
wordnet_narrator_110345804	217
wordnet_suburb_108554440	218
wordnet_saint_110546850	219
wordnet_publisher_108062623	220
wordnet_dead_person_109994943	221
wordnet_analyst_109790482	222
wordnet_columnist_109939154	223
wordnet_official_110372373	224
wordnet_criminal_109977660	225
wordnet_energizer_110056103	226
wordnet_peer_109626238	227
wordnet_operation_100955060	228
wordnet_pacifist_110390199	229
wordnet_queen_110499355	230
wordnet_speaker_110630188	231
wordnet_basketball_league_108232299	232
wordnet_basketball_coach_109841955	233
wordnet_man_110287213	234
wordnet_logician_110269785	235
wordnet_pilot_110433164	236
wordnet_county_town_108547300	237
wordnet_contestant_109613191	238
wordnet_lookout_110271216	239
wordnet_township_108672199	240
wordnet_field_marshal_110086821	241
wordnet_adoptee_109772330	242
wordnet_billionaire_110529684	243
wordnet_operation_114008806	244
wordnet_satirist_110552742	245
wordnet_photographer_110426749	246
wordnet_geometer_110128016	247
wordnet_park_108615149	248
wordnet_admiral_109771204	249
wordnet_number_theorist_110366276	250
wordnet_range_109403734	251
wordnet_humanitarian_110191613	252
wordnet_sociologist_110620758	253
wordnet_schoolteacher_110560352	254
wordnet_noble_110271677	255
wordnet_manufacturer_108060446	256
wordnet_cricketer_109977326	257
wordnet_empire_108557482	258
wordnet_bassist_109842629	259
wordnet_biochemist_109854915	260
wordnet_bandleader_109837201	261
wordnet_representative_110522035	262
wordnet_market_town_108672073	263
wordnet_skeptic_110604634	264
wordnet_landmark_108624891	265
wordnet_countess_109970402	266
wordnet_earl_110041373	267
wordnet_geographical_area_108574314	268
wordnet_saxophonist_110554243	269
wordnet_mystic_110343554	270
wordnet_busker_109883174	271
wordnet_valley_109468604	272
wordnet_sculptor_110566072	273
wordnet_pioneer_110434725	274
wordnet_biographer_109855433	275
wordnet_river_109411430	276
wordnet_soundtrack_104262969	277
wordnet_professor_110480730	278
wordnet_air_force_officer_109780828	279
wordnet_candidate_109890749	280
wordnet_prefecture_108626947	281
wordnet_deputy_110005548	282
wordnet_nuclear_physicist_110364643	283
wordnet_musical_107019172	284
wordnet_zoologist_110806222	285
wordnet_legislator_110253995	286
wordnet_programmer_110481268	287
wordnet_alp_109193705	288
wordnet_songwriter_110624540	289
wordnet_student_110665698	290
wordnet_road_104096066	291
wordnet_council_member_109944763	292
wordnet_see_108586825	293
wordnet_captain_109893191	294
wordnet_epistemologist_110062385	295
wordnet_law_school_108283051	296
wordnet_station_104306080	297
wordnet_religious_person_109628382	298
wordnet_linguist_110264437	299
wordnet_couturier_109972157	300
wordnet_invasion_100976531	301
wordnet_sports_fan_110639925	302
wordnet_empress_110053439	303
wordnet_peninsula_109388848	304
wordnet_boundary_line_108512736	305
wordnet_baron_109840520	306
wordnet_gymnast_110153594	307
wordnet_introduction_100238022	308
wordnet_commissioner_109943811	309
wordnet_feature_106615026	310
wordnet_cemetery_108521623	311
wordnet_geneticist_110126424	312
wordnet_probability_theorist_110477465	313
wordnet_subsidiary_company_108003935	314
wordnet_opposition_110379620	315
wordnet_naval_battle_100958477	316
wordnet_religious_leader_110519494	317
wordnet_patriot_110407310	318
wordnet_military_leader_110316862	319
wordnet_decoration_106706676	320
wordnet_developer_110010062	321
wordnet_banker_109837824	322
wordnet_military_installation_103763133	323
wordnet_league_108231184	324
wordnet_priest_110470779	325
wordnet_revolutionist_110527334	326
wordnet_baseball_team_108079319	327
wordnet_football_coach_110101202	328
wordnet_vent_109470550	329
wordnet_choreographer_109920283	330
wordnet_military_unit_108198398	331
wordnet_vice_president_110751265	332
wordnet_garrison_103420559	333
wordnet_lieutenant_governor_110260322	334
wordnet_bay_109215664	335
wordnet_consul_109959797	336
wordnet_organist_110382825	337
wordnet_state_capital_108695539	338
wordnet_printmaker_110475687	339
wordnet_civil_war_100962567	340
wordnet_marshal_110295951	341
wordnet_illustrator_109812068	342
wordnet_prisoner_of_war_110476331	343
wordnet_botanist_109868270	344
wordnet_anarchist_109791816	345
wordnet_facility_103315023	346
wordnet_geologist_110127689	347
wordnet_ending_106308765	348
wordnet_sea_109426788	349
wordnet_deist_110000459	350
wordnet_policeman_110448983	351
wordnet_national_park_108600992	352
wordnet_firm_108059870	353
wordnet_institute_108407330	354
wordnet_investor_110216106	355
wordnet_statistician_110653238	356
wordnet_cognitive_scientist_109934647	357
wordnet_environmentalist_110060621	358
wordnet_chief_of_staff_109917214	359
wordnet_siege_101075117	360
wordnet_explorer_110072708	361
wordnet_proxy_war_113981763	362
wordnet_aphorist_109798404	363
wordnet_physical_therapist_110427764	364
wordnet_airline_102690081	365
wordnet_life_peer_110260943	366
wordnet_lady_110243137	367
wordnet_lake_109328904	368
wordnet_reformer_110515194	369
wordnet_highland_109302616	370
wordnet_obstructionist_110349243	371
wordnet_socialite_110619409	372
wordnet_astronomer_109818343	373
wordnet_electrical_engineer_110049017	374
wordnet_civil_rights_leader_109924996	375
wordnet_ballplayer_109835506	376
wordnet_fortification_103385557	377
wordnet_sports_announcer_110639637	378
wordnet_judge_110225219	379
wordnet_agency_108337324	380
wordnet_folk_singer_110099093	381
wordnet_son_110624074	382
wordnet_abolitionist_109756637	383
wordnet_adviser_109774266	384
wordnet_principality_108558488	385
wordnet_worker_109632518	386
wordnet_lector_110252222	387
wordnet_railway_station_104049098	388
wordnet_rebellion_101177327	389
wordnet_teacher_110694258	390
wordnet_division_108213205	391
wordnet_contralto_109961198	392
wordnet_aerospace_engineer_109776079	393
wordnet_missionary_110322957	394
wordnet_hill_109303008	395
wordnet_business_school_108281812	396
wordnet_congressman_109955781	397
wordnet_delegate_110000787	398
wordnet_trumpeter_110732010	399
wordnet_amusement_park_108494231	400
wordnet_molecular_biologist_110327143	401
wordnet_emirate_108557396	402
wordnet_group_100031264	403
wordnet_neuroscientist_110354580	404
wordnet_centenarian_109904208	405
wordnet_business_district_108539072	406
wordnet_political_scientist_110450161	407
wordnet_percussionist_110415037	408
wordnet_political_campaign_107472929	409
wordnet_flutist_110098245	410
wordnet_initiate_110206887	411
wordnet_physiologist_110429965	412
wordnet_enterprise_zone_108690665	413
wordnet_boxer_109870208	414
wordnet_new_town_108626522	415
wordnet_portraitist_110455619	416
wordnet_racetrack_104037625	417
wordnet_health_professional_110165109	418
wordnet_show_100520257	419
wordnet_employee_110053808	420
wordnet_television_program_106620579	421
wordnet_art_critic_109810867	422
wordnet_astronaut_109818022	423
wordnet_margrave_110294020	424
wordnet_civil_servant_109925459	425
wordnet_librarian_110257948	426
wordnet_colonel_109937250	427
wordnet_test_pilot_110704098	428
wordnet_psychiatrist_110488016	429
wordnet_planet_109394007	430
wordnet_biophysicist_109856267	431
wordnet_bibliophile_109852679	432
wordnet_feeder_109278997	433
wordnet_wrestler_110793168	434
wordnet_sultan_110674315	435
wordnet_spokesperson_110638385	436
wordnet_mechanical_engineer_110304650	437
wordnet_conscientious_objector_109957013	438
wordnet_analysand_109790188	439
wordnet_queen_mother_110500603	440
wordnet_street_104334599	441
wordnet_building_102913152	442
wordnet_violinist_110754578	443
wordnet_investment_company_108070850	444
wordnet_blind_person_109860130	445
wordnet_naturalist_110346955	446
wordnet_correspondent_109966554	447
wordnet_bishop_109857200	448
wordnet_academy_108279298	449
wordnet_first_lady_110092880	450
wordnet_materialist_110300963	451
wordnet_premier_109907196	452
wordnet_microbiologist_110313580	453
wordnet_spy_110641755	454
wordnet_memorial_103743902	455
wordnet_urban_area_108675967	456
wordnet_clarinetist_109926246	457
wordnet_deserter_110006842	458
wordnet_grand_duke_110142060	459
wordnet_accordionist_109761310	460
wordnet_daughter_109992837	461
wordnet_campaign_100798245	462
wordnet_gulf_109296121	463
wordnet_change_107296428	464
wordnet_algebraist_109784043	465
wordnet_anthropologist_109796323	466
wordnet_stadium_104295881	467
wordnet_marina_103721590	468
wordnet_farmer_110078806	469
wordnet_denomination_108146782	470
wordnet_cheerleader_109913593	471
wordnet_inmate_110207370	472
wordnet_imaginary_being_109483738	473
wordnet_structure_104341686	474
wordnet_fabulist_110075529	475
wordnet_perpetrator_110417168	476
wordnet_sweeper_110682713	477
wordnet_optician_110380000	478
wordnet_curate_109983572	479
wordnet_communicator_109610660	480
wordnet_book_106410904	481
wordnet_orientalist_110383689	482
wordnet_enclave_108553132	483
wordnet_mistress_110323752	484
wordnet_paleontologist_110394786	485
wordnet_lieutenant_110259348	486
wordnet_wrangler_110792746	487
wordnet_pharmacologist_110421753	488
wordnet_meteorologist_110312287	489
wordnet_contest_107456188	490
wordnet_subscriber_110670310	491
wordnet_army_108191230	492
wordnet_crown_princess_109981278	493
wordnet_cryptanalyst_109981540	494
wordnet_sonneteer_110625000	495
wordnet_macroeconomist_110279392	496
wordnet_slaveholder_110610096	497
wordnet_trade_unionist_110720964	498
wordnet_program_106748466	499
wordnet_reporter_110521662	500
wordnet_analyst_109790278	501
wordnet_swimmer_110683349	502
wordnet_museum_103800563	503
wordnet_seminary_108284994	504
wordnet_flunky_110098092	505
wordnet_documentary_106616806	506
wordnet_tap_dancer_110691148	507
wordnet_entomologist_110059904	508
wordnet_czar_109987239	509
wordnet_baronet_109840639	510
wordnet_geographer_110127555	511
wordnet_river_basin_108518940	512
wordnet_mugwump_110337488	513
wordnet_girl_110129825	514
wordnet_hot_spring_109305898	515
wordnet_holding_company_108185369	516
wordnet_marquis_110295479	517
wordnet_accountant_109761403	518
wordnet_referee_110514429	519
wordnet_refugee_110516016	520
wordnet_ethicist_110065066	521
wordnet_idealist_110196965	522
wordnet_amputee_109789566	523
wordnet_academician_109759501	524
wordnet_music_critic_110339856	525
wordnet_plain_109393605	526
wordnet_viscount_110756148	527
wordnet_archeologist_109804806	528
wordnet_martyr_110296618	529
wordnet_seashore_109428293	530
wordnet_ghetto_108578951	531
wordnet_ecologist_110043163	532
wordnet_user_110741590	533
wordnet_dissenter_110018021	534
wordnet_post_108624385	535
wordnet_financier_110090020	536
wordnet_country_store_103119203	537
wordnet_medical_school_108283507	538
wordnet_apologist_109798534	539
wordnet_dauphin_109993122	540
wordnet_philhellene_110422540	541
wordnet_power_company_108186393	542
wordnet_positivist_110456138	543
wordnet_cardinal_109894143	544
wordnet_popularizer_110454752	545
wordnet_voter_110760340	546
wordnet_messenger_110311021	547
wordnet_male_child_110285313	548
wordnet_tennis_player_110701180	549
wordnet_entrepreneur_110060352	550
wordnet_soprano_110625546	551
wordnet_alchemist_109781921	552
wordnet_electronics_company_108003035	553
wordnet_brother_109876454	554
wordnet_civil_engineer_109924540	555
wordnet_air_marshal_109781171	556
wordnet_anatomist_109792237	557
wordnet_pledger_110441694	558
wordnet_ballet_dancer_109834699	559
wordnet_administrator_109770949	560
wordnet_commissar_109942697	561
wordnet_concentration_camp_103086183	562
wordnet_executive_department_108123167	563
wordnet_strait_109446115	564
wordnet_festival_115162388	565
wordnet_high_commissioner_110174445	566
wordnet_cellist_109903501	567
wordnet_president_110468962	568
wordnet_fictional_character_109587565	569
wordnet_econometrician_110043491	570
wordnet_mine_103768346	571
wordnet_conductor_109952539	572
wordnet_archbishop_109805151	573
wordnet_crystallographer_109981740	574
wordnet_reservist_110523341	575
wordnet_constable_109959142	576
wordnet_continent_109254614	577
wordnet_bastard_109842823	578
wordnet_solicitor_110623354	579
wordnet_escapee_110062905	580
wordnet_rancher_110506417	581
wordnet_lobbyist_110268629	582
wordnet_industrialist_110204177	583
wordnet_computer_game_100458890	584
wordnet_branch_108401248	585
wordnet_announcer_109795334	586
wordnet_pop_group_108249752	587
wordnet_medium_110306279	588
wordnet_duchy_108557131	589
wordnet_path_109387222	590
wordnet_sport_100523513	591
wordnet_general_manager_110125697	592
wordnet_tenor_saxophonist_110701962	593
wordnet_social_anthropologist_110618465	594
wordnet_game_100456199	595
wordnet_flanker_back_110095265	596
wordnet_hotelier_110187990	597
wordnet_friend_110112591	598
wordnet_immunologist_110199902	599
wordnet_treasurer_110727256	600
wordnet_nursing_school_108283757	601
wordnet_corporate_executive_109966255	602
wordnet_cleric_109928136	603
wordnet_play_107007945	604
wordnet_casualty_109899782	605
wordnet_series_108457976	606
wordnet_engraver_110058155	607
wordnet_depository_financial_institution_108420278	608
wordnet_expert_109617867	609
wordnet_queen_consort_110500419	610
wordnet_utilitarian_110742736	611
wordnet_heir_110168584	612
wordnet_stock_trader_110657835	613
wordnet_augur_109823287	614
wordnet_fortress_103386011	615
wordnet_currency_113385913	616
wordnet_oasis_108506496	617
wordnet_bodybuilder_109862845	618
wordnet_adjutant_109770179	619
wordnet_venture_capitalist_110747965	620
wordnet_monk_110112129	621
wordnet_planned_community_108553887	622
wordnet_holy_place_108585056	623
wordnet_child_109917593	624
wordnet_tableland_109453008	625
wordnet_victory_107473441	626
wordnet_hunter_110193026	627
wordnet_department_108114861	628
wordnet_scorer_110562391	629
wordnet_chess_player_109915834	630
wordnet_viceroy_110751785	631
wordnet_sex_offender_110584973	632
wordnet_mezzo-soprano_110313441	633
wordnet_prophet_110483530	634
wordnet_imam_110199251	635
wordnet_playmate_110441037	636
wordnet_motion-picture_film_103789400	637
wordnet_grand_duchess_110141930	638
wordnet_corporation_108059412	639
wordnet_golfer_110136959	640
wordnet_channel_103006398	641
wordnet_prefect_110465128	642
wordnet_charity_108406619	643
wordnet_countertenor_109970295	644
wordnet_governor_general_110140597	645
wordnet_novel_106367879	646
wordnet_signer_110597505	647
wordnet_film_festival_100517418	648
wordnet_community_college_108282542	649
wordnet_professional_110480253	650
wordnet_liberal_110256756	651
wordnet_amphibious_operation_100981180	652
wordnet_by-product_102930492	653
wordnet_film_company_108003173	654
wordnet_lyricist_110277912	655
wordnet_specialist_110631941	656
wordnet_maker_110284064	657
wordnet_sailor_110546633	658
wordnet_studio_104344246	659
wordnet_nurse_110366966	660
wordnet_chef_109963574	661
wordnet_reef_109406793	662
wordnet_confederate_109953483	663
wordnet_traveler_109629752	664
wordnet_dean_109996784	665
wordnet_alliance_114418822	666
wordnet_ayatollah_109826945	667
wordnet_television_station_104406350	668
wordnet_conquest_100089027	669
wordnet_musicologist_110341243	670
wordnet_election_100181781	671
wordnet_honor_114436875	672
wordnet_tower_104460130	673
wordnet_organizer_110383505	674
wordnet_language_106282651	675
wordnet_nihilist_110358420	676
wordnet_fugitive_110115082	677
wordnet_diagnostician_110011074	678
wordnet_patron_110407726	679
wordnet_broadcasting_company_108002015	680
wordnet_supervisor_110676877	681
wordnet_commodore_109945021	682
wordnet_art_director_109811112	683
wordnet_undersecretary_110736788	684
wordnet_costumier_109968259	685
wordnet_ward_110767020	686
wordnet_psychotherapist_110489944	687
wordnet_volunteer_110759331	688
wordnet_antiquary_109797606	689
wordnet_grandee_110142290	690
wordnet_military_academy_108279524	691
wordnet_sheriff_110589140	692
wordnet_military_108199025	693
wordnet_trombonist_110730416	694
wordnet_medium_106254669	695
wordnet_secularist_110574538	696
wordnet_clerk_109928451	697
wordnet_desert_108505573	698
wordnet_draftee_110028765	699
wordnet_kook_110240514	700
wordnet_beacon_102814860	701
wordnet_surgeon_110679174	702
wordnet_encyclopedist_110055566	703
wordnet_overseer_110388732	704
wordnet_theosophist_110707134	705
wordnet_thinker_110708292	706
wordnet_father_110080869	707
wordnet_existentialist_110071557	708
wordnet_czarina_109987573	709
wordnet_abbreviation_107091587	710
wordnet_slaughter_100223983	711
wordnet_rebellion_100962129	712
wordnet_pope_110453533	713
wordnet_telephone_company_108186221	714
wordnet_servant_110582154	715
wordnet_senior_high_school_108409617	716
wordnet_carpenter_109896685	717
wordnet_semanticist_110577820	718
wordnet_social_worker_110620027	719
wordnet_magician_110280674	720
wordnet_newspaper_editor_110356450	721
wordnet_pasha_110403768	722
wordnet_polder_109397001	723
wordnet_expressway_103306610	724
wordnet_government_108050678	725
wordnet_hot_spot_108586330	726
wordnet_camp_102944826	727
wordnet_surveyor_110680609	728
wordnet_sound_film_104261868	729
wordnet_war_correspondent_110766718	730
wordnet_barrister_109840963	731
wordnet_amphitheater_102705201	732
wordnet_bridge_player_109875353	733
wordnet_dueler_110038929	734
wordnet_landgrave_110245029	735
wordnet_landowner_110245639	736
wordnet_controversy_107183151	737
wordnet_mother_110332385	738
wordnet_bacteriologist_109831411	739
wordnet_microeconomist_110313724	740
wordnet_railway_104048568	741
wordnet_attendant_109608002	742
wordnet_whistle_blower_110777400	743
wordnet_planner_110438172	744
wordnet_plaza_103965456	745
wordnet_treaty_106773434	746
wordnet_evolutionist_110067867	747
wordnet_combatant_109939313	748
wordnet_sister_110602985	749
wordnet_motion_100331950	750
wordnet_sprinter_110641413	751
wordnet_sultanate_108896327	752
wordnet_majority_leader_110283824	753
wordnet_coin_113388245	754
wordnet_abbess_109754217	755
wordnet_suffragist_110672908	756
wordnet_word_picture_107201804	757
wordnet_keeper_110229498	758
wordnet_automotive_engineer_109825939	759
wordnet_industry_108065234	760
wordnet_couple_113743605	761
wordnet_prosecutor_110484858	762
wordnet_violist_110755080	763
wordnet_witness_110786033	764
wordnet_financial_analyst_109790865	765
wordnet_quarterback_110498816	766
wordnet_state_108168978	767
wordnet_service_area_108648781	768
wordnet_waterway_109476331	769
wordnet_harpist_110160770	770
wordnet_potter_110460806	771
wordnet_canal_102947212	772
wordnet_fjord_109281104	773
wordnet_censor_109903936	774
wordnet_baroness_109843309	775
wordnet_fundraiser_110116478	776
wordnet_pitcher_110435988	777
wordnet_car_102958343	778
wordnet_philologist_110423225	779
wordnet_insurgency_100963241	780
wordnet_situation_comedy_107017733	781
wordnet_trustee_110732314	782
wordnet_palace_103878066	783
wordnet_internee_110212074	784
wordnet_isthmus_109319604	785
wordnet_protest_107210225	786
wordnet_craftsman_109974648	787
wordnet_weightlifter_110773394	788
wordnet_steward_110655442	789
wordnet_lieutenant_general_110260166	790
wordnet_filicide_110088101	791
wordnet_federal_district_108553280	792
wordnet_lacrosse_player_110242682	793
wordnet_graphic_designer_110144055	794
wordnet_compositor_109949946	795
wordnet_sports_writer_110640084	796
wordnet_grammarian_110141364	797
wordnet_miner_110319796	798
wordnet_signer_110597234	799
wordnet_plunderer_110443170	800
wordnet_trio_107986198	801
wordnet_murderer_110338707	802
wordnet_landscape_108646902	803
wordnet_chief_executive_officer_109916348	804
wordnet_council_108310949	805
wordnet_member_110307234	806
wordnet_slope_109437454	807
wordnet_caricaturist_109896170	808
wordnet_classicist_109926656	809
wordnet_car_manufacturer_108066763	810
wordnet_clown_109931165	811
wordnet_song_107048000	812
wordnet_vice_admiral_110750788	813
wordnet_printer_110475297	814
wordnet_horseman_110185793	815
wordnet_landscape_architect_110245863	816
wordnet_ethnographer_110065643	817
wordnet_force_105194578	818
wordnet_demographer_110002257	819
wordnet_promontory_109399592	820
wordnet_family_108078020	821
wordnet_land_113250048	822
wordnet_regicide_110516422	823
wordnet_ornithologist_110384214	824
wordnet_quintet_107041795	825
wordnet_mime_110318892	826
wordnet_partisan_110402086	827
wordnet_ophthalmologist_110379073	828
wordnet_mycologist_110343088	829
wordnet_skyscraper_104233124	830
wordnet_plan_105898568	831
wordnet_theater_104417809	832
wordnet_tourist_attraction_105853820	833
wordnet_minority_leader_110321233	834
wordnet_mineralogist_110319996	835
wordnet_state_treasurer_110652605	836
wordnet_rider_110529965	837
wordnet_metallurgist_110312077	838
wordnet_prison_104005630	839
wordnet_scholarship_113266170	840
wordnet_mailman_110283037	841
wordnet_lutist_110277638	842
wordnet_protectorate_108627316	843
wordnet_lithographer_110266486	844
wordnet_riot_101170502	845
wordnet_rift_109410101	846
wordnet_middle_age_115153472	847
yagoGeoEntity	848
wordnet_demilitarized_zone_108689947	849
wordnet_cartographer_109898215	850
wordnet_affiliate_109776346	851
wordnet_homeless_110182190	852
wordnet_collective_108056601	853
wordnet_criminologist_109978442	854
wordnet_jumper_110226993	855
wordnet_delta_109264803	856
wordnet_hematologist_110170681	857
wordnet_highway_103519981	858
wordnet_balloonist_109835348	859
wordnet_inhabitant_109620078	860
wordnet_broadcasting_station_102903405	861
wordnet_ghost_town_108671509	862
wordnet_blockade_100954086	863
wordnet_crown_prince_109981092	864
wordnet_timeline_106504965	865
wordnet_concert_hall_103086580	866
wordnet_cowboy_109972661	867
wordnet_epidemiologist_110061882	868
wordnet_army_engineer_109809538	869
wordnet_ghostwriter_110128748	870
wordnet_goldmine_103445217	871
wordnet_compiler_109946957	872
wordnet_muralist_110338498	873
wordnet_housewife_110189776	874
wordnet_surfer_110679054	875
wordnet_usurper_110742546	876
wordnet_four_113744304	877
wordnet_management_consultant_110289338	878
wordnet_marathoner_110292969	879
wordnet_marchioness_110293773	880
wordnet_anthologist_109796062	881
wordnet_sanctuary_104133648	882
wordnet_talking_head_110690095	883
wordnet_ocean_109376198	884
wordnet_association_108049401	885
wordnet_office_building_103842012	886
wordnet_astrophysicist_109819291	887
wordnet_set_108240169	888
wordnet_grassland_108598301	889
wordnet_trader_110720453	890
wordnet_therapist_110707233	891
wordnet_fixer_110094046	892
wordnet_incident_107307477	893
wordnet_secondary_school_108284481	894
wordnet_viceroyalty_108678151	895
wordnet_skater_110604491	896
wordnet_lair_108591399	897
wordnet_academic_administrator_109758885	898
wordnet_network_108434259	899
wordnet_navy_108191701	900
wordnet_coup_d'etat_101145015	901
wordnet_slaver_110610201	902
wordnet_campaigner_109889691	903
wordnet_diver_110019552	904
wordnet_wife_110780632	905
wordnet_perjurer_110416909	906
wordnet_nongovernmental_organization_108009834	907
wordnet_white_supremacist_110779610	908
wordnet_emir_110052497	909
wordnet_cooperative_101100877	910
wordnet_slave_110609325	911
wordnet_genre_painter_110123517	912
wordnet_residence_108558963	913
wordnet_squad_108218122	914
wordnet_music_school_108283649	915
wordnet_revolution_107424109	916
wordnet_nun_110368009	917
wordnet_staff_member_110644598	918
wordnet_skateboarder_110604380	919
wordnet_captain_109893015	920
wordnet_nomad_110359759	921
wordnet_baritone_109839436	922
wordnet_cascade_109236957	923
wordnet_badge_106882561	924
wordnet_genealogist_110123214	925
wordnet_military_governor_110316683	926
wordnet_civilian_109924742	927
wordnet_bridge_102898711	928
wordnet_football_league_108232496	929
wordnet_neurologist_110354265	930
wordnet_throwster_110709745	931
wordnet_follower_110099375	932
wordnet_shop_boy_110591949	933
wordnet_forger_110105260	934
wordnet_gargoyle_103418618	935
wordnet_oboist_110369317	936
wordnet_celebrity_109903153	937
wordnet_skin-diver_110607291	938
wordnet_elder_110048218	939
wordnet_deaf_person_109996481	940
wordnet_biography_106515827	941
wordnet_speechwriter_110631654	942
wordnet_garden_103417345	943
wordnet_belly_dancer_109849462	944
wordnet_shaman_110626194	945
wordnet_spectator_110633450	946
wordnet_foundation_113790712	947
wordnet_chaplain_109908508	948
wordnet_occupation_100582388	949
wordnet_poisoner_110448568	950
wordnet_talent_agent_110690002	951
wordnet_channel_106259898	952
wordnet_caliph_109887496	953
wordnet_stockbroker_110657444	954
wordnet_fencer_110085217	955
wordnet_title_106345993	956
wordnet_house_painter_110189179	957
wordnet_ichthyologist_110196617	958
wordnet_ignoramus_110198958	959
wordnet_veterinarian_110749715	960
wordnet_seaport_108639058	961
wordnet_lover_109622302	962
wordnet_rift_valley_109410224	963
wordnet_vigilante_110753339	964
wordnet_vintner_110754088	965
wordnet_photojournalist_110427223	966
wordnet_vizier_110758445	967
wordnet_prison_camp_104005912	968
wordnet_librettist_110258152	969
wordnet_warden_110767154	970
wordnet_warrior_110768585	971
wordnet_interstate_103581354	972
wordnet_portrayal_107202391	973
wordnet_pentathlete_110414768	974
wordnet_evangelist_110067011	975
wordnet_ethnologist_110065758	976
wordnet_district_attorney_110019072	977
wordnet_recording_104063661	978
wordnet_disciple_110016103	979
wordnet_praetor_110463028	980
wordnet_parodist_110400998	981
wordnet_gambler_110118844	982
wordnet_herpetologist_110172668	983
wordnet_school_district_108587709	984
wordnet_mass_murderer_110298343	985
wordnet_merchant_110309896	986
wordnet_field_108569998	987
wordnet_pageant_100899761	988
wordnet_atoll_109210862	989
wordnet_fascist_110079893	990
wordnet_umpire_110735984	991
wordnet_comic_strip_107003352	992
wordnet_climatologist_109929202	993
wordnet_transvestite_110726031	994
wordnet_heathen_110166394	995
wordnet_trail_109460312	996
wordnet_attack_100972621	997
wordnet_copper_mine_103104147	998
wordnet_skier_110605253	999
wordnet_city_district_108537837	1000
wordnet_cornerback_109965787	1001
wordnet_parish_108223688	1002
wordnet_coroner_109965985	1003
wordnet_school_superintendent_110560247	1004
wordnet_etcher_110064977	1005
wordnet_estuary_109274500	1006
wordnet_secret_society_108235343	1007
wordnet_soap_opera_106622020	1008
wordnet_recorder_player_110512109	1009
wordnet_real_estate_broker_110509810	1010
wordnet_consulting_firm_108062464	1011
wordnet_nudist_110365701	1012
wordnet_convoy_108417801	1013
wordnet_crime_100766234	1014
wordnet_shogun_110591072	1015
wordnet_endocrinologist_110056914	1016
wordnet_oblate_110348874	1017
wordnet_raper_110507230	1018
wordnet_pass_109386842	1019
wordnet_radio_station_104044119	1020
wordnet_charge_100974762	1021
wordnet_colony_108374049	1022
wordnet_condominium_103088580	1023
wordnet_nuncio_110368113	1024
wordnet_racing_circuit_104038109	1025
wordnet_conference_108308497	1026
wordnet_chief_justice_109916788	1027
wordnet_retirement_community_108554040	1028
wordnet_crooner_109980090	1029
wordnet_rowing_club_108230219	1030
wordnet_shortstop_110592986	1031
wordnet_philatelist_110422405	1032
wordnet_electrician_110049363	1033
wordnet_mercenary_110309614	1034
wordnet_hypnotist_110195261	1035
wordnet_ventriloquist_110747815	1036
wordnet_vehicle_104524313	1037
wordnet_arsonist_109810707	1038
wordnet_untouchable_110739881	1039
wordnet_mammalogist_110286989	1040
wordnet_art_dealer_109810983	1041
wordnet_hotel_103542333	1042
wordnet_donor_110025730	1043
wordnet_democracy_108361329	1044
wordnet_twin_110734394	1045
wordnet_turtleneck_104502197	1046
wordnet_ascent_109206985	1047
wordnet_assassin_109813696	1048
wordnet_assistant_109815790	1049
wordnet_associate_109816771	1050
wordnet_astrologer_109817816	1051
wordnet_heliport_103512830	1052
wordnet_meeting_108307589	1053
wordnet_archer_109805324	1054
wordnet_ma_110278128	1055
wordnet_dentist_110004282	1056
wordnet_intifada_100963447	1057
wordnet_young_person_110804406	1058
wordnet_khanate_108558082	1059
wordnet_accompanist_109760913	1060
wordnet_preservationist_110466759	1061
wordnet_junction_103605722	1062
wordnet_principal_110474645	1063
wordnet_islander_110217436	1064
wordnet_investment_banker_110215953	1065
wordnet_wetland_109477890	1066
wordnet_video_106277803	1067
wordnet_lepidopterist_110254761	1068
wordnet_warlord_110767837	1069
wordnet_war_crime_100782518	1070
wordnet_detective_110009276	1071
wordnet_private_school_108411170	1072
wordnet_virologist_110755394	1073
wordnet_alter_ego_109785992	1074
wordnet_literary_agent_109778144	1075
wordnet_drama_critic_110030147	1076
wordnet_memorial_106688522	1077
wordnet_day_115155220	1078
wordnet_tax_collector_110693052	1079
wordnet_special_107166851	1080
wordnet_boarding_school_108411701	1081
wordnet_deacon_109994673	1082
wordnet_moor_109358751	1083
wordnet_publication_106589574	1084
wordnet_gardener_110120533	1085
wordnet_record_106647206	1086
wordnet_player_110440387	1087
wordnet_brigadier_109875540	1088
wordnet_pteridologist_110490330	1089
wordnet_public_servant_110491136	1090
wordnet_public_square_108619620	1091
wordnet_economic_theory_105994935	1092
wordnet_musketeer_110341446	1093
wordnet_spymaster_110642388	1094
wordnet_government_building_103449564	1095
wordnet_believer_109848489	1096
wordnet_theory_105989479	1097
wordnet_grand_duchy_108557864	1098
wordnet_tournament_107464725	1099
wordnet_cyclist_109986189	1100
wordnet_tour_100310666	1101
wordnet_hairdresser_110155849	1102
wordnet_think_tank_108478702	1103
wordnet_baby_doctor_109828760	1104
wordnet_public_transit_104018951	1105
wordnet_grave_103455033	1106
wordnet_preacher_110464178	1107
wordnet_calligrapher_109889170	1108
wordnet_caldera_109231117	1109
wordnet_taxonomist_110693824	1110
wordnet_dirty_war_100980394	1111
wordnet_pusher_110495555	1112
wordnet_qi_114050559	1113
wordnet_principle_105913538	1114
wordnet_publican_110490421	1115
wordnet_promoter_110482220	1116
wordnet_private_detective_110476671	1117
wordnet_courtier_109971839	1118
wordnet_deployment_101143409	1119
wordnet_cub_109981834	1120
wordnet_provost_110486468	1121
wordnet_professional_association_108242675	1122
wordnet_prostitute_110485440	1123
wordnet_qualification_104717139	1124
wordnet_defense_108064130	1125
wordnet_curator_109983889	1126
wordnet_quartermaster_110498986	1127
wordnet_lagoon_109328746	1128
wordnet_degree_105093890	1129
wordnet_kingdom_114514805	1130
wordnet_camp_102945813	1131
wordnet_redcoat_110029985	1132
wordnet_corridor_103112099	1133
wordnet_subject_106599788	1134
wordnet_bookseller_109866473	1135
wordnet_survivalist_110680910	1136
wordnet_beekeeper_109846755	1137
wordnet_barrier_island_109214760	1138
wordnet_ballerina_109834592	1139
wordnet_automaton_102761392	1140
wordnet_toxicologist_110719807	1141
wordnet_tradition_105809745	1142
wordnet_train_104468005	1143
wordnet_tyrant_110735298	1144
wordnet_art_historian_109811414	1145
wordnet_unicyclist_110738111	1146
wordnet_urologist_110741493	1147
wordnet_apostle_109799461	1148
wordnet_vice_chancellor_110751026	1149
wordnet_viscountess_110756061	1150
wordnet_waif_110763075	1151
wordnet_air_force_academy_108279800	1152
wordnet_air_force_108196024	1153
wordnet_watershed_108679369	1154
wordnet_well_104572344	1155
wordnet_wicket-keeper_110780185	1156
wordnet_wind_farm_104586761	1157
wordnet_acoustician_109763668	1158
wordnet_woodcarver_110789963	1159
wordnet_xylophonist_110801697	1160
wordnet_year_115203791	1161
wordnet_abbot_109754404	1162
wordnet_strategist_110661563	1163
wordnet_stenographer_110654015	1164
wordnet_brokerage_108069878	1165
wordnet_sequel_107295507	1166
wordnet_resignation_107542433	1167
wordnet_revival_101047338	1168
wordnet_conchologist_109951835	1169
wordnet_concert_106892775	1170
wordnet_concept_album_106592078	1171
wordnet_roads_108640300	1172
wordnet_robber_110534586	1173
wordnet_rock_star_110536416	1174
wordnet_community_108223802	1175
wordnet_scandal_107223811	1176
wordnet_cobbler_109933098	1177
wordnet_coachbuilder_109932227	1178
wordnet_screenplay_107012279	1179
wordnet_church_103028079	1180
wordnet_burg_108671168	1181
wordnet_sex_105006898	1182
wordnet_skydiver_110608188	1183
wordnet_catcher_109901143	1184
wordnet_casino_102977936	1185
wordnet_society_107966140	1186
wordnet_canyon_109233446	1187
wordnet_campsite_108518171	1188
wordnet_spiritual_leader_109505153	1189
wordnet_cabinet_minister_109886010	1190
wordnet_cabal_108241798	1191
wordnet_bus_terminal_102926288	1192
wordnet_bus_102924116	1193
wordnet_staff_officer_110644839	1194
wordnet_predecessor_110464711	1195
owl:Thing	1196
wordnet_prankster_110463714	1197
wordnet_people_107942152	1198
wordnet_history_115121406	1199
wordnet_patriarch_110406905	1200
wordnet_patrician_110407105	1201
wordnet_executive_secretary_110069981	1202
wordnet_patron_saint_110408552	1203
wordnet_house_103544360	1204
wordnet_paymaster_110410035	1205
wordnet_peacekeeping_100980904	1206
wordnet_executive_branch_108356074	1207
wordnet_penal_colony_103907475	1208
wordnet_hurdler_110193864	1209
wordnet_magazine_106595351	1210
wordnet_limnologist_110263146	1211
wordnet_escarpment_109274152	1212
wordnet_impersonator_110200365	1213
wordnet_picture_103931044	1214
wordnet_picture_book_103931651	1215
wordnet_end_108566028	1216
wordnet_loch_109341987	1217
wordnet_pirate_110435367	1218
wordnet_place_of_worship_103953416	1219
wordnet_embryologist_110051761	1220
wordnet_embodiment_110418302	1221
wordnet_inquisitor_110208287	1222
wordnet_histologist_110170359	1223
wordnet_path_108616311	1224
wordnet_menagerie_103745146	1225
wordnet_federal_department_108122141	1226
wordnet_narrative_107221094	1227
wordnet_gas_company_108186655	1228
wordnet_naval_academy_108279665	1229
wordnet_game_show_106621061	1230
wordnet_naval_officer_110347593	1231
wordnet_discipline_105996646	1232
wordnet_murder_100220522	1233
wordnet_gerontologist_110128381	1234
wordnet_news_agency_108355075	1235
wordnet_glacier_109289331	1236
wordnet_normal_school_108412620	1237
wordnet_freeholder_110110287	1238
wordnet_novice_110363913	1239
wordnet_mortician_110331841	1240
wordnet_fox_hunter_110108348	1241
wordnet_monarchy_108363812	1242
wordnet_monarchist_110327824	1243
wordnet_foreman_110104209	1244
wordnet_oil_company_108069241	1245
wordnet_graduate_school_108282696	1246
wordnet_orator_110380672	1247
wordnet_financial_institution_108054721	1248
wordnet_final_107466832	1249
wordnet_line_108430568	1250
wordnet_name_106333653	1251
wordnet_plaything_103964744	1252
wordnet_inspector_110208847	1253
wordnet_junior_college_108282364	1254
wordnet_domestic_110024119	1255
wordnet_polytechnic_institute_108285407	1256
wordnet_doctor's_degree_106702458	1257
wordnet_key_103613294	1258
wordnet_polar_zone_108573258	1259
wordnet_library_103660909	1260
wordnet_dry_110037922	1261
wordnet_khan_110230097	1262
wordnet_insurgent_110210137	1263
wordnet_political_orientation_106212839	1264
wordnet_killer_110231087	1265
wordnet_lama_110243664	1266
wordnet_plaza_108619795	1267
wordnet_burgrave_109881133	1268
wordnet_suspension_bridge_104366367	1269
wordnet_adventure_100796315	1270
wordnet_grade_school_108412749	1271
wordnet_tailor_110689564	1272
wordnet_government_department_108119821	1273
wordnet_mission_108403225	1274
wordnet_gossip_columnist_110139651	1275
wordnet_bibliographer_109852558	1276
wordnet_golf_club_108229694	1277
wordnet_gorilla_102480855	1278
wordnet_battlefield_108506641	1279
wordnet_biome_107941945	1280
wordnet_surname_106336904	1281
wordnet_activity_100407535	1282
wordnet_mythologist_110343869	1283
wordnet_supporter_110677713	1284
wordnet_juror_110228278	1285
wordnet_blocker_109860248	1286
wordnet_mining_company_108003619	1287
wordnet_adversary_109773245	1288
wordnet_monologist_110329035	1289
wordnet_jockey_110223177	1290
wordnet_military_chaplain_110316527	1291
wordnet_great_110145081	1292
wordnet_jewelry_maker_110221956	1293
wordnet_bailiff_109833111	1294
wordnet_grantee_110143595	1295
wordnet_text_106387980	1296
wordnet_ballet_master_109834885	1297
wordnet_test_100791078	1298
wordnet_militia_108390511	1299
wordnet_bank_robber_109838295	1300
wordnet_tennis_club_108230590	1301
wordnet_bard_109839022	1302
wordnet_millionaire_110529555	1303
wordnet_barony_113251906	1304
wordnet_grandson_110143299	1305
wordnet_technician_110696251	1306
wordnet_basilica_102801184	1307
wordnet_bassoonist_109842716	1308
wordnet_grandmaster_110142946	1309
wordnet_board_108322981	1310
wordnet_boat_102858304	1311
wordnet_general_practitioner_110126009	1312
wordnet_bombing_100978413	1313
wordnet_ghat_103436075	1314
wordnet_bus_company_108186761	1315
wordnet_geyser_109288635	1316
wordnet_steel_company_108003839	1317
wordnet_broadcast_106254007	1318
wordnet_musician_110340312	1319
wordnet_yacht_club_108230785	1320
wordnet_buffer_state_108517327	1321
wordnet_builder_109878275	1322
wordnet_yard_bird_110802507	1323
wordnet_bully_109879297	1324
wordnet_genocide_101245159	1325
wordnet_standard_107260623	1326
wordnet_yardie_110802621	1327
wordnet_land_109334396	1328
wordnet_gastroenterologist_110121800	1329
wordnet_genealogy_108102402	1330
wordnet_laminitis_114348895	1331
wordnet_musher_110339717	1332
wordnet_academic_degree_106697331	1333
wordnet_steward_110655594	1334
wordnet_stock_exchange_104323026	1335
wordnet_brass_band_108249336	1336
wordnet_monster_109491966	1337
wordnet_bootlegger_109866922	1338
wordnet_submariner_110669357	1339
wordnet_mutiny_100963896	1340
wordnet_gunsmith_110152528	1341
wordnet_boundary_108512259	1342
wordnet_bowler_109870096	1343
wordnet_brandy_107903208	1344
wordnet_breeder_109873899	1345
wordnet_movement_108464601	1346
wordnet_ace_109762509	1347
wordnet_accounting_firm_108062326	1348
wordnet_glassblower_110132035	1349
wordnet_brewer_109874118	1350
wordnet_stonecutter_110659294	1351
wordnet_sports_car_104285008	1352
wordnet_byway_102930645	1353
wordnet_accident_107301336	1354
wordnet_greeter_110146927	1355
wordnet_invention_105633385	1356
wordnet_hack_110154601	1357
wordnet_magistrate_110280945	1358
wordnet_hygienist_110194969	1359
wordnet_archive_102735086	1360
wordnet_velodrome_104524833	1361
wordnet_vaulter_110746931	1362
wordnet_vandal_110746056	1363
wordnet_archivist_109806944	1364
wordnet_internment_114000302	1365
wordnet_vagrant_110744544	1366
wordnet_archpriest_109807075	1367
wordnet_interpreter_110212501	1368
wordnet_luthier_110277509	1369
wordnet_watchman_110770059	1370
wordnet_liar_110256537	1371
wordnet_maid_110282672	1372
wordnet_humanity_104829182	1373
wordnet_upholsterer_110740482	1374
wordnet_agriculturist_109779790	1375
wordnet_human_right_105176846	1376
wordnet_weapon_104565375	1377
wordnet_union_108233056	1378
wordnet_machine_103699975	1379
wordnet_loyalist_110275395	1380
wordnet_baby_109827683	1381
wordnet_animal_trainer_110159045	1382
wordnet_linebacker_110263002	1383
wordnet_anchorite_110519126	1384
wordnet_inlet_109313716	1385
wordnet_volcanic_crater_109472413	1386
wordnet_airstrip_102693070	1387
wordnet_animal_100015388	1388
wordnet_liturgist_110267941	1389
wordnet_airship_102692877	1390
wordnet_informant_110205985	1391
wordnet_animist_109794668	1392
wordnet_vibist_110749928	1393
wordnet_airdock_102687821	1394
wordnet_anniversary_115249799	1395
wordnet_indie_108249854	1396
wordnet_intelligence_100981830	1397
wordnet_intelligence_108339454	1398
wordnet_anthology_106591609	1399
wordnet_air_base_102685585	1400
wordnet_ape_102470325	1401
wordnet_vicar_110750031	1402
wordnet_horticulturist_110186350	1403
wordnet_lexicographer_110256080	1404
wordnet_undertaking_100795720	1405
wordnet_harpsichordist_110161047	1406
wordnet_wheel_104574999	1407
wordnet_mesa_109351905	1408
wordnet_heart_105919263	1409
wordnet_hayfield_108570634	1410
wordnet_atom_114619225	1411
wordnet_hat_103497657	1412
wordnet_autobiography_106516087	1413
wordnet_metric_unit_113604275	1414
wordnet_metropolitan_110313239	1415
wordnet_advertising_agency_108353912	1416
wordnet_hood_110184081	1417
wordnet_torturer_110716389	1418
wordnet_toll_bridge_104449449	1419
wordnet_happening_107283608	1420
wordnet_hallway_103479952	1421
wordnet_thunderbird_110709979	1422
wordnet_midwife_110314836	1423
wordnet_alcohol_107884567	1424
wordnet_thriller_106370403	1425
wordnet_issue_105814650	1426
wordnet_hedge_fund_108071229	1427
wordnet_medical_institution_108053905	1428
wordnet_trainer_110722575	1429
wordnet_highjacking_100783199	1430
wordnet_honorary_degree_106705079	1431
wordnet_market_analyst_109791248	1432
wordnet_tympanist_110734963	1433
wordnet_hockey_league_108232603	1434
wordnet_lesbian_110254965	1435
wordnet_legislature_108163273	1436
wordnet_tune_107028373	1437
wordnet_trust_territory_108675795	1438
wordnet_whaler_110775128	1439
wordnet_mask_103724870	1440
wordnet_assembly_plant_102750169	1441
wordnet_master_sergeant_110299583	1442
wordnet_tribune_110728828	1443
wordnet_cadet_109886540	1444
wordnet_trial_105799212	1445
wordnet_hint_106802785	1446
wordnet_hillbilly_110176357	1447
wordnet_hiker_110176111	1448
wordnet_highway_system_103520275	1449
wordnet_trial_attorney_110728361	1450
wordnet_capitalist_109892262	1451
wordnet_spit_109442595	1452
wordnet_quaestor_110497775	1453
wordnet_copywriter_109965021	1454
wordnet_examiner_110068234	1455
wordnet_ethnic_group_107967382	1456
wordnet_personality_104617562	1457
wordnet_red-light_district_108554346	1458
wordnet_pharmacist_110421470	1459
wordnet_era_115248564	1460
wordnet_recognition_114411981	1461
wordnet_reciter_110511771	1462
wordnet_counterfeit_103562262	1463
wordnet_equerry_110062594	1464
wordnet_eponym_106334985	1465
wordnet_episode_106396330	1466
wordnet_eparchy_108654260	1467
wordnet_ensemble_108188235	1468
wordnet_credit_union_108234628	1469
wordnet_rambler_110506220	1470
wordnet_encoding_100615887	1471
wordnet_crisis_113933560	1472
wordnet_pipeline_company_108069487	1473
wordnet_enclosure_103285912	1474
wordnet_cult_108151490	1475
wordnet_place_name_106343838	1476
wordnet_regency_115298995	1477
wordnet_copy_editor_109964659	1478
wordnet_convention_108309086	1479
wordnet_pathway_103899533	1480
wordnet_concept_105835747	1481
wordnet_fairground_108614632	1482
wordnet_fad_105751173	1483
wordnet_factory_103316406	1484
wordnet_passenger_110403876	1485
wordnet_ringer_110531557	1486
wordnet_right_105174653	1487
wordnet_concubine_109952393	1488
wordnet_ridge_109409512	1489
wordnet_explosion_107308563	1490
wordnet_expedition_100968479	1491
wordnet_contractor_109960688	1492
wordnet_retention_100810598	1493
wordnet_restaurateur_110524869	1494
wordnet_restaurant_chain_108061801	1495
wordnet_resort_108640531	1496
wordnet_resolution_106511874	1497
wordnet_resident_commissioner_110524076	1498
wordnet_conquistador_109956780	1499
wordnet_reservation_108587174	1500
wordnet_conspiracy_106524935	1501
wordnet_contortionist_109960545	1502
wordnet_employer_110054657	1503
wordnet_pursuer_110494935	1504
wordnet_parody_106780309	1505
wordnet_plantation_113252513	1506
wordnet_doll_103219135	1507
wordnet_dogmatist_110023656	1508
wordnet_dermatologist_110006177	1509
wordnet_descendant_110006511	1510
wordnet_pornographer_110455094	1511
wordnet_designated_hitter_110007684	1512
wordnet_detainee_110009162	1513
wordnet_document_106470073	1514
wordnet_doctrine_105943300	1515
wordnet_detective_novel_106368142	1516
wordnet_devil_109542339	1517
wordnet_dialect_107155661	1518
wordnet_prima_ballerina_110471640	1519
wordnet_dictator_110012244	1520
wordnet_presiding_officer_110469346	1521
wordnet_die_103191029	1522
wordnet_digest_106593542	1523
wordnet_distributor_110018861	1524
wordnet_diocese_108550966	1525
wordnet_presentation_100521562	1526
wordnet_premiership_100596692	1527
wordnet_diplomatic_mission_108402693	1528
wordnet_power_station_103996655	1529
wordnet_privateer_110476928	1530
wordnet_depository_103177349	1531
wordnet_problem_114410605	1532
wordnet_dam_103160309	1533
wordnet_publisher_110491575	1534
wordnet_planter_110438619	1535
wordnet_publicist_110490699	1536
wordnet_eight_113745086	1537
wordnet_edict_106726671	1538
wordnet_dynasty_107971582	1539
wordnet_public_relations_person_110490965	1540
wordnet_public_defender_110490557	1541
wordnet_plug_103967942	1542
wordnet_dale_109262690	1543
wordnet_dance_school_108411483	1544
wordnet_pomologist_110452631	1545
wordnet_dummy_110039569	1546
wordnet_poem_106377442	1547
wordnet_pogrom_100421210	1548
wordnet_dearth_114449865	1549
wordnet_drug_company_108002578	1550
wordnet_police_academy_108279424	1551
wordnet_drink_107885223	1552
wordnet_deity_109505418	1553
wordnet_political_movement_108472335	1554
wordnet_dragon_109494388	1555
wordnet_fan_110077593	1556
wordnet_robbery_100781685	1557
wordnet_speedskater_110634849	1558
wordnet_chartist_109910840	1559
wordnet_notary_110363149	1560
wordnet_cavalryman_109902611	1561
wordnet_friar_110111903	1562
wordnet_ski_jumper_110605375	1563
wordnet_cave_109238926	1564
wordnet_free_port_108639586	1565
wordnet_fraud_100753685	1566
wordnet_sixty_113749778	1567
wordnet_numerologist_110366383	1568
wordnet_central_bank_108349916	1569
wordnet_championship_107457834	1570
wordnet_numismatist_110366779	1571
wordnet_silver_mine_104220717	1572
wordnet_chapel_103007130	1573
wordnet_franchise_108060193	1574
wordnet_character_assassination_106719974	1575
wordnet_sibling_110595164	1576
wordnet_shot_putter_110593521	1577
wordnet_oarsman_110368920	1578
wordnet_shore_109433442	1579
wordnet_fountain_103388043	1580
wordnet_observation_100879759	1581
wordnet_shire_108587828	1582
wordnet_slave_ship_104235165	1583
wordnet_front-runner_110113753	1584
wordnet_frontiersman_110113072	1585
wordnet_gang_108244062	1586
wordnet_speculator_110634316	1587
wordnet_national_capital_108691669	1588
wordnet_calamity_107314838	1589
wordnet_special_effect_105917994	1590
wordnet_national_monument_103810952	1591
wordnet_spear_104270891	1592
wordnet_calculator_109887034	1593
wordnet_spammer_110629545	1594
wordnet_gangster_110120085	1595
wordnet_naturalist_110346514	1596
wordnet_canoeist_109891470	1597
wordnet_fundamental_law_106533648	1598
wordnet_nawab_110348752	1599
wordnet_cap_102954340	1600
wordnet_negotiator_110351874	1601
wordnet_neologism_106294441	1602
wordnet_carbon_black_114793533	1603
wordnet_card_game_100488225	1604
wordnet_cardiologist_109894445	1605
wordnet_carrier_109897696	1606
wordnet_fusion_107373602	1607
wordnet_cartoon_106780678	1608
wordnet_shipping_company_108003717	1609
wordnet_formal_garden_103384706	1610
wordnet_parlance_107081177	1611
wordnet_sextet_107041902	1612
wordnet_clocksmith_109930102	1613
wordnet_first_name_106337307	1614
wordnet_clothier_109930772	1615
wordnet_coal_miner_109932508	1616
wordnet_fifty_113749644	1617
wordnet_orphan_110384392	1618
wordnet_collection_107951464	1619
wordnet_feline_102120997	1620
wordnet_federation_108303504	1621
wordnet_colonial_109937688	1622
wordnet_farrier_110079677	1623
wordnet_farm_team_108079151	1624
wordnet_parade_108428485	1625
wordnet_sailing_master_110546428	1626
wordnet_sage_110546202	1627
wordnet_safety_108643933	1628
wordnet_sacred_text_106429590	1629
wordnet_saboteur_110544748	1630
wordnet_company_108187033	1631
wordnet_parent_110399491	1632
wordnet_rodent_102329401	1633
wordnet_farm_103322099	1634
wordnet_rock_opera_106592281	1635
wordnet_climber_109929298	1636
wordnet_fisherman_110093658	1637
wordnet_sealing_wax_104160036	1638
wordnet_city_council_108311282	1639
wordnet_oceanographer_110370122	1640
wordnet_forger_110105085	1641
wordnet_seven_113744916	1642
wordnet_settler_110583387	1643
wordnet_chorus_girl_109920901	1644
wordnet_service_100577525	1645
wordnet_churchwarden_109922659	1646
wordnet_serial_killer_110581464	1647
wordnet_old_boy_110375214	1648
wordnet_circuit_103033362	1649
wordnet_foreigner_110103485	1650
wordnet_cliff_109246464	1651
wordnet_civil_order_113968859	1652
wordnet_seller_110577284	1653
wordnet_football_official_110101427	1654
wordnet_claimant_109925592	1655
wordnet_sect_108149781	1656
wordnet_clairvoyant_109925953	1657
wordnet_food_company_108003427	1658
wordnet_secret_agent_110569411	1659
wordnet_optometrist_110380305	1660
wordnet_client_109985075	1661
wordnet_puppeteer_110493685	1662
