wordnet_physical_entity_100001930	1
wordnet_object_100002684	2
wordnet_whole_100003553	3
wordnet_abstraction_100002137	4
wordnet_living_thing_100004258	5
wordnet_organism_100004475	6
wordnet_causal_agent_100007347	7
wordnet_person_100007846	8
wordnet_adult_109605289	9
wordnet_entertainer_109616922	10
wordnet_performer_110415638	11
wordnet_male_109624168	12
wordnet_man_110287213	13
wordnet_creator_109614315	14
wordnet_actor_109765278	15
wordnet_contestant_109613191	16
wordnet_group_100031264	17
wordnet_social_group_107950920	18
wordnet_psychological_feature_100023100	19
wordnet_winner_110782940	20
wordnet_location_100027167	21
wordnet_organization_108008335	22
wordnet_region_108630985	23
wordnet_event_100029378	24
wordnet_intellectual_109621545	25
wordnet_communicator_109610660	26
wordnet_scholar_110557854	27
wordnet_district_108552138	28
wordnet_administrative_district_108491826	29
wordnet_alumnus_109786338	30
wordnet_writer_110794014	31
wordnet_artist_109812338	32
wordnet_social_event_107288639	33
wordnet_artifact_100021939	34
wordnet_geographical_area_108574314	35
wordnet_show_106619065	36
wordnet_tract_108673395	37
wordnet_site_108651247	38
wordnet_creation_103129123	39
wordnet_product_104007894	40
wordnet_movie_106613686	41
wordnet_producer_110480018	42
wordnet_film_maker_110088390	43
wordnet_musician_110339966	44
wordnet_leader_109623038	45
wordnet_institution_108053576	46
wordnet_urban_area_108675967	47
wordnet_municipality_108626283	48
wordnet_city_108524735	49
wordnet_musician_110340312	50
wordnet_maker_110284064	51
wordnet_manufacturer_110292316	52
wordnet_communication_100033020	53
wordnet_head_110162991	54
wordnet_screenwriter_110564400	55
wordnet_scriptwriter_110564905	56
wordnet_administrator_109770949	57
wordnet_film_director_110088200	58
wordnet_singer_110599806	59
wordnet_worker_109632518	60
wordnet_woman_110787470	61
wordnet_female_109619168	62
wordnet_composer_109947232	63
wordnet_area_108497294	64
wordnet_association_108049401	65
wordnet_club_108227214	66
wordnet_actress_109767700	67
wordnet_traveler_109629752	68
wordnet_town_108665504	69
wordnet_educational_institution_108276342	70
wordnet_skilled_worker_110605985	71
wordnet_region_108630039	72
wordnet_center_108523483	73
wordnet_director_110014939	74
wordnet_seat_108647945	75
wordnet_university_108286569	76
wordnet_instrumentality_103575240	77
wordnet_disputant_109615465	78
wordnet_reformer_110515194	79
wordnet_executive_110069645	80
wordnet_symbol_106806469	81
wordnet_unit_108189659	82
wordnet_signal_106791372	83
wordnet_award_106696483	84
wordnet_medium_106254669	85
wordnet_company_108058098	86
wordnet_militant_110315837	87
wordnet_county_108546183	88
wordnet_songwriter_110624540	89
wordnet_absentee_109757653	90
wordnet_exile_110071332	91
wordnet_country_108544813	92
wordnet_serviceman_110582746	93
wordnet_album_106591815	94
wordnet_act_100030358	95
wordnet_comedian_109940146	96
wordnet_player_110439851	97
wordnet_peer_109626238	98
wordnet_associate_109816771	99
wordnet_team_108208560	100
wordnet_county_seat_108547143	101
wordnet_migrant_110314952	102
wordnet_guitarist_110151760	103
wordnet_cognition_100023271	104
wordnet_expert_109617867	105
wordnet_military_officer_110317007	106
wordnet_emigrant_110051975	107
wordnet_school_108276720	108
wordnet_activity_100407535	109
wordnet_expressive_style_107066659	110
wordnet_capital_108518505	111
wordnet_professional_110480253	112
wordnet_dramatist_110030277	113
wordnet_member_110307234	114
wordnet_fellow_110083526	115
wordnet_nonreligious_person_109625789	116
wordnet_auditory_communication_107109019	117
wordnet_poet_110444194	118
wordnet_music_107020895	119
wordnet_content_105809192	120
wordnet_novelist_110363573	121
wordnet_atheist_109820044	122
wordnet_disbeliever_110015897	123
wordnet_music_genre_107071942	124
wordnet_diversion_100426928	125
wordnet_politician_110450303	126
wordnet_assistant_109815790	127
wordnet_idea_105833840	128
wordnet_model_110324560	129
wordnet_unfortunate_109630641	130
wordnet_pianist_110430665	131
wordnet_concept_105835747	132
wordnet_category_105838765	133
wordnet_kind_105839024	134
wordnet_action_100037396	135
wordnet_relation_100031921	136
wordnet_genre_105845332	137
wordnet_change_100191142	138
wordnet_attribute_100024264	139
wordnet_part_113809207	140
wordnet_change_of_state_100199130	141
wordnet_introduction_100238022	142
wordnet_beginning_100235435	143
wordnet_athlete_109820263	144
wordnet_point_108620061	145
wordnet_advocate_109774783	146
wordnet_acquirer_109764201	147
wordnet_recipient_109627906	148
wordnet_honoree_110183757	149
wordnet_good_person_110138767	150
wordnet_language_unit_106284225	151
wordnet_enterprise_108056231	152
wordnet_authority_109824361	153
wordnet_critic_109979321	154
wordnet_evaluator_110066732	155
wordnet_football_team_108080025	156
wordnet_benefactor_109608709	157
wordnet_broadcast_106619428	158
wordnet_entertainment_100429048	159
wordnet_show_100520257	160
wordnet_host_110187130	161
wordnet_keyboardist_110229883	162
wordnet_survivor_110681194	163
wordnet_negotiator_110351874	164
wordnet_representative_110522035	165
wordnet_ending_106308765	166
wordnet_morpheme_106306233	167
wordnet_commanding_officer_109941964	168
wordnet_television_program_106620579	169
wordnet_specialist_110631941	170
wordnet_participant_110401829	171
wordnet_agnostic_109779124	172
wordnet_official_110372373	173
wordnet_biographer_109855433	174
wordnet_humorist_110191943	175
wordnet_business_108061042	176
wordnet_musical_organization_108246613	177
wordnet_oeuvre_103841417	178
wordnet_end_product_103287178	179
wordnet_diarist_110011486	180
wordnet_writer_110801291	181
wordnet_literate_110266328	182
wordnet_land_109334396	183
wordnet_journalist_110224578	184
wordnet_supervisor_110676877	185
wordnet_superior_110676018	186
wordnet_interior_designer_110210648	187
wordnet_autobiographer_109825296	188
wordnet_convert_109962414	189
wordnet_educator_110045713	190
wordnet_editor_110044879	191
wordnet_director_110015215	192
wordnet_state_108654360	193
wordnet_enlisted_person_110058777	194
wordnet_football_player_110101634	195
wordnet_soldier_110622053	196
wordnet_donor_110025730	197
wordnet_message_106598915	198
wordnet_scientist_110560637	199
wordnet_dancer_109989502	200
wordnet_subsidiary_company_108003935	201
wordnet_owner_110389398	202
wordnet_head_of_state_110164747	203
wordnet_holder_110180178	204
wordnet_photographer_110426749	205
wordnet_philosopher_110423589	206
wordnet_philanthropist_110421956	207
wordnet_officeholder_110371450	208
wordnet_capitalist_109609232	209
wordnet_remake_104074329	210
wordnet_lyricist_110277912	211
wordnet_device_103183080	212
wordnet_state_capital_108695539	213
wordnet_geographic_point_108578706	214
wordnet_dance_band_108249960	215
wordnet_rock_group_108250501	216
wordnet_theorist_110706812	217
wordnet_port_108633957	218
wordnet_feminist_110084635	219
wordnet_ability_105616246	220
wordnet_property_104916342	221
wordnet_businessperson_109882716	222
wordnet_president_110467179	223
wordnet_essayist_110064405	224
wordnet_island_109316454	225
wordnet_structure_104341686	226
wordnet_articulator_109811712	227
wordnet_immigrant_110199489	228
wordnet_speaker_110630188	229
wordnet_rapper_110507482	230
wordnet_group_action_101080366	231
wordnet_practitioner_110462860	232
wordnet_cameraman_109889539	233
wordnet_percussionist_110415037	234
wordnet_measure_100033615	235
wordnet_written_communication_106349220	236
wordnet_drummer_110036929	237
wordnet_national_109625401	238
wordnet_affair_107447261	239
wordnet_ceremony_107450842	240
wordnet_nongovernmental_organization_108009834	241
wordnet_denomination_108146782	242
wordnet_facility_103315023	243
wordnet_gambler_110118844	244
wordnet_borough_108540532	245
wordnet_academician_109759069	246
wordnet_firm_108059870	247
wordnet_collection_107951464	248
wordnet_presenter_110466387	249
wordnet_socialist_110618848	250
wordnet_contest_107456188	251
wordnet_manner_104928903	252
wordnet_prize_winner_109627807	253
wordnet_subdivision_108674251	254
wordnet_winner_110782791	255
wordnet_league_108231184	256
wordnet_writing_style_107092158	257
wordnet_jazz_musician_110220486	258
wordnet_statement_106722453	259
wordnet_soprano_110625546	260
wordnet_state_100024720	261
wordnet_creativity_105624700	262
wordnet_child_109917593	263
wordnet_administrative_unit_108077292	264
wordnet_juvenile_109622049	265
wordnet_businessman_109882007	266
wordnet_sport_100523513	267
wordnet_owner_110388924	268
wordnet_writing_106362953	269
wordnet_publisher_108062623	270
wordnet_painter_110391653	271
wordnet_aristocrat_109807754	272
wordnet_citizen_109923673	273
wordnet_religious_person_109628382	274
wordnet_conflict_100958896	275
wordnet_imaginary_being_109483738	276
wordnet_imagination_105625465	277
wordnet_military_action_100952963	278
wordnet_blogger_109860415	279
wordnet_class_107997703	280
wordnet_folk_singer_110099093	281
wordnet_couturier_109972157	282
wordnet_language_106282651	283
wordnet_basketball_player_109842047	284
wordnet_natural_object_100019128	285
wordnet_geological_formation_109287968	286
wordnet_engineer_109615807	287
wordnet_celestial_body_109239740	288
wordnet_historian_110177150	289
wordnet_rival_110533013	290
wordnet_planet_109394007	291
wordnet_narrator_110345804	292
wordnet_graduate_school_108282696	293
wordnet_terrestrial_planet_109456369	294
wordnet_male_aristocrat_110285135	295
wordnet_draftsman_110029068	296
wordnet_broadcasting_106276697	297
wordnet_telecommunication_106271778	298
wordnet_cartoonist_109898346	299
wordnet_terror_110702483	300
wordnet_television_106277280	301
wordnet_imp_110200047	302
wordnet_war_100973077	303
wordnet_fundamental_quantity_113575869	304
wordnet_commune_108541609	305
wordnet_time_period_115113229	306
wordnet_baritone_109839436	307
wordnet_drama_106376154	308
wordnet_division_108220714	309
wordnet_comedy_107015510	310
wordnet_situation_comedy_107017733	311
wordnet_laureate_110249011	312
wordnet_politician_110451263	313
wordnet_actor_109767197	314
wordnet_energizer_110056103	315
wordnet_defender_109614684	316
wordnet_preserver_110466918	317
wordnet_satirist_110552742	318
wordnet_supporter_110677713	319
wordnet_humanist_110191192	320
wordnet_medalist_110305062	321
wordnet_basketball_team_108079852	322
wordnet_documentary_106616806	323
wordnet_game_100456199	324
wordnet_lawyer_110249950	325
wordnet_station_104306080	326
wordnet_building_102913152	327
wordnet_environmentalist_110060621	328
wordnet_humanitarian_110191613	329
wordnet_occupation_100582388	330
wordnet_libertarian_110257524	331
wordnet_musical_instrument_103800933	332
wordnet_instrument_103574816	333
wordnet_refugee_110516016	334
wordnet_contralto_109961198	335
wordnet_market_town_108672073	336
wordnet_commissioned_officer_109942970	337
wordnet_radical_110503452	338
wordnet_organizer_110383237	339
wordnet_sound_recording_104262678	340
wordnet_recording_104063868	341
wordnet_memory_device_103744840	342
wordnet_county_town_108547300	343
wordnet_manufacturer_108060446	344
wordnet_topographic_point_108664443	345
wordnet_friend_110112591	346
wordnet_thinker_110708454	347
wordnet_hockey_team_108080386	348
wordnet_soundtrack_104262969	349
wordnet_provincial_capital_108695198	350
wordnet_ethnic_group_107967382	351
wordnet_critic_109979589	352
wordnet_commissioned_military_officer_109943239	353
wordnet_relative_110235549	354
wordnet_observer_110369528	355
wordnet_hockey_league_108232603	356
wordnet_section_108648322	357
wordnet_conductor_109952539	358
wordnet_vicinity_108641113	359
wordnet_knight_110238375	360
wordnet_announcement_106746580	361
wordnet_party_108256968	362
wordnet_program_106748466	363
wordnet_baseball_team_108079319	364
wordnet_stage_director_110645223	365
wordnet_zone_108688247	366
wordnet_art_director_109811112	367
wordnet_pacifist_110390199	368
wordnet_collector_109936620	369
wordnet_aviator_109826204	370
wordnet_bad_person_109831962	371
wordnet_dead_person_109994943	372
wordnet_diplomat_110013927	373
wordnet_candidate_109890749	374
wordnet_position_108621598	375
wordnet_forward_110105733	376
wordnet_adoptee_109772330	377
wordnet_sailor_110546633	378
wordnet_film_company_108003173	379
wordnet_busker_109883174	380
wordnet_settlement_108672562	381
wordnet_village_108672738	382
wordnet_legislator_110253995	383
wordnet_national_capital_108691669	384
wordnet_prefecture_108626947	385
wordnet_lawgiver_110249270	386
wordnet_librettist_110258152	387
wordnet_department_108114861	388
wordnet_enrollee_110059162	389
wordnet_wrongdoer_109633969	390
wordnet_condition_113920835	391
wordnet_student_110665698	392
wordnet_military_unit_108198398	393
wordnet_skeptic_110604634	394
wordnet_broadcaster_109875786	395
wordnet_mezzo-soprano_110313441	396
wordnet_people_107942152	397
wordnet_victim_110752093	398
wordnet_gathering_107975026	399
wordnet_electronics_company_108003035	400
wordnet_domain_108556491	401
wordnet_broadcasting_station_102903405	402
wordnet_commercial_enterprise_108065093	403
wordnet_saxophonist_110554243	404
wordnet_prisoner_110476086	405
wordnet_costumier_109968259	406
wordnet_social_scientist_110619642	407
wordnet_archipelago_109203827	408
wordnet_believer_109847727	409
wordnet_industry_108065234	410
wordnet_senator_110578471	411
wordnet_television_station_104406350	412
wordnet_dramatic_composition_107007684	413
wordnet_channel_103006398	414
wordnet_bandleader_109837201	415
wordnet_disk_jockey_110017272	416
wordnet_beach_109217230	417
wordnet_companion_109945905	418
wordnet_cemetery_108521623	419
wordnet_law_school_108283051	420
wordnet_violinist_110754578	421
wordnet_soccer_player_110618342	422
wordnet_organist_110382825	423
wordnet_anarchist_109791816	424
wordnet_translator_110725280	425
wordnet_basketball_league_108232299	426
wordnet_linguist_110264219	427
wordnet_literary_critic_110266016	428
wordnet_play_107007945	429
wordnet_general_110123844	430
wordnet_general_officer_110125786	431
wordnet_service_industry_108073700	432
wordnet_secretary_110570019	433
wordnet_thing_100002452	434
wordnet_maestro_110280130	435
wordnet_speech_act_107160883	436
wordnet_sports_fan_110639925	437
wordnet_private_school_108411170	438
wordnet_plan_105898568	439
wordnet_extremity_108568978	440
wordnet_agent_109777353	441
wordnet_minister_110320863	442
wordnet_enthusiast_110059582	443
wordnet_financial_institution_108054721	444
wordnet_ruler_110541229	445
wordnet_teacher_110694258	446
wordnet_ambassador_109787534	447
wordnet_boundary_line_108512736	448
wordnet_governor_110140314	449
wordnet_boundary_108512259	450
wordnet_assembly_108163792	451
wordnet_natural_elevation_109366317	452
wordnet_festival_115162388	453
wordnet_noble_110271677	454
wordnet_employee_110053808	455
wordnet_physicist_110428004	456
wordnet_film_festival_100517418	457
wordnet_secondary_school_108284481	458
wordnet_festival_100517728	459
wordnet_process_105701363	460
wordnet_celebration_100428000	461
wordnet_serial_106621447	462
wordnet_bassist_109842629	463
wordnet_information_106634376	464
wordnet_empire_108557482	465
wordnet_inventor_110214637	466
wordnet_golfer_110136959	467
wordnet_musical_107019172	468
wordnet_saint_110546850	469
wordnet_legislature_108163273	470
wordnet_investor_110216106	471
wordnet_body_of_water_109225146	472
wordnet_play_107018931	473
wordnet_format_106636806	474
wordnet_quality_104723816	475
wordnet_soap_opera_106622020	476
wordnet_army_officer_109809749	477
wordnet_rich_person_110529231	478
wordnet_scene_108645963	479
wordnet_matter_100020827	480
wordnet_medalist_110304914	481
wordnet_physical_condition_114034177	482
wordnet_champion_109906704	483
wordnet_combatant_109939313	484
wordnet_criminal_109977660	485
wordnet_torch_singer_110715881	486
wordnet_principal_110474950	487
wordnet_guard_110150071	488
wordnet_fictional_character_109587565	489
wordnet_description_106724763	490
wordnet_method_105660268	491
wordnet_know-how_105616786	492
wordnet_fiction_106367107	493
wordnet_word_picture_107201804	494
wordnet_venue_108677628	495
wordnet_cheerleader_109913593	496
wordnet_operation_100955060	497
wordnet_opposition_110379620	498
wordnet_belief_105941423	499
wordnet_billionaire_110529684	500
wordnet_mystic_110343554	501
wordnet_farmer_110078806	502
wordnet_literary_composition_106364329	503
wordnet_reporter_110521662	504
wordnet_definite_quantity_113576101	505
wordnet_word_106286395	506
wordnet_city_district_108537837	507
wordnet_battle_100953559	508
wordnet_lawman_110249459	509
wordnet_health_professional_110165109	510
wordnet_academic_degree_106697331	511
wordnet_consortium_108236438	512
wordnet_integer_113728499	513
wordnet_branch_108401248	514
wordnet_digit_113741022	515
wordnet_illustrator_109812068	516
wordnet_senior_high_school_108409617	517
wordnet_number_113582013	518
wordnet_deist_110000459	519
wordnet_technique_105665146	520
wordnet_mathematician_110301261	521
wordnet_family_108078020	522
wordnet_important_person_110200781	523
wordnet_pioneer_110434725	524
wordnet_choreographer_109920283	525
wordnet_space_108652970	526
wordnet_seat_108647616	527
wordnet_visual_property_104950126	528
wordnet_controversy_107183151	529
wordnet_originator_110383816	530
wordnet_federal_department_108122141	531
wordnet_knowledge_domain_105999266	532
wordnet_color_104956594	533
wordnet_announcer_109795334	534
wordnet_discipline_105996646	535
wordnet_government_department_108119821	536
wordnet_agency_108337324	537
wordnet_dispute_107181935	538
wordnet_perceiver_109626589	539
wordnet_obstructionist_110349243	540
wordnet_conservative_109957156	541
wordnet_establishment_103297735	542
wordnet_disagreement_107180787	543
wordnet_museum_103800563	544
wordnet_music_school_108283649	545
wordnet_economist_110043643	546
wordnet_spiritual_leader_109505153	547
wordnet_form_106290637	548
wordnet_trainer_110722575	549
wordnet_schoolteacher_110560352	550
wordnet_subculture_108288753	551
wordnet_aphorist_109798404	552
wordnet_coach_109931640	553
wordnet_dissenter_110018021	554
wordnet_ensemble_108188235	555
wordnet_landmark_108624891	556
wordnet_peer_110412910	557
wordnet_executive_department_108123167	558
wordnet_clergyman_109927451	559
wordnet_attack_100972621	560
wordnet_conservatory_108287436	561
wordnet_rightist_110531227	562
wordnet_corporate_executive_109966255	563
wordnet_depository_103177349	564
wordnet_columnist_109939154	565
wordnet_trumpeter_110732010	566
wordnet_disorder_114052403	567
wordnet_way_104564698	568
wordnet_logician_110269785	569
wordnet_patriot_110407310	570
wordnet_peninsula_109388848	571
wordnet_television_reporter_110698368	572
wordnet_wit_106776138	573
wordnet_stringed_instrument_104338517	574
wordnet_penetration_100975452	575
wordnet_basic_cognitive_process_105701944	576
wordnet_alliance_108293982	577
wordnet_enterprise_zone_108690665	578
wordnet_world_organization_108294696	579
wordnet_sovereign_110628644	580
wordnet_revolutionist_110527334	581
wordnet_invasion_100976531	582
wordnet_system_108435388	583
wordnet_secret_agent_110569411	584
wordnet_discrimination_105748054	585
wordnet_witness_110786033	586
wordnet_fad_105751173	587
wordnet_holding_company_108185369	588
wordnet_institute_108407330	589
wordnet_taste_105749619	590
wordnet_doctor_110020890	591
wordnet_fashion_105750657	592
wordnet_existentialist_110071557	593
wordnet_substance_100019613	594
wordnet_medical_practitioner_110305802	595
wordnet_crooner_109980090	596
wordnet_mountain_109359803	597
wordnet_vogue_105750163	598
wordnet_restaurateur_110524869	599
wordnet_boarding_school_108411701	600
wordnet_force_108208016	601
wordnet_sculptor_110566072	602
wordnet_conveyance_103100490	603
wordnet_season_115239579	604
wordnet_ethicist_110065066	605
wordnet_case_109898892	606
wordnet_jurist_110227985	607
wordnet_brother_109876454	608
wordnet_hockey_player_110179291	609
wordnet_kinsman_110236946	610
wordnet_astronomer_109818343	611
wordnet_baseball_season_115240389	612
wordnet_novel_106367879	613
wordnet_business_school_108281812	614
wordnet_monarchist_110327824	615
wordnet_boxer_109870208	616
wordnet_correspondent_109966554	617
wordnet_residential_district_108553535	618
wordnet_civil_rights_leader_109924996	619
wordnet_research_worker_110523076	620
wordnet_socialite_110619409	621
wordnet_spy_110641755	622
wordnet_sick_person_110595647	623
wordnet_patient_110405694	624
wordnet_document_106470073	625
wordnet_sitar_player_110603851	626
wordnet_liberal_110256756	627
wordnet_delegate_110000787	628
wordnet_material_114580897	629
wordnet_male_sibling_110286084	630
wordnet_epistemologist_110062385	631
wordnet_follower_110099375	632
wordnet_suburb_108554440	633
wordnet_enclave_108553132	634
wordnet_parliament_108319198	635
wordnet_continent_109254614	636
wordnet_portrayal_107202391	637
wordnet_place_of_business_103953020	638
wordnet_carrier_108057633	639
wordnet_cellist_109903501	640
wordnet_work_100575741	641
wordnet_set_108240169	642
wordnet_electronic_instrument_103279153	643
wordnet_broadcasting_company_108002015	644
wordnet_landmass_109335916	645
wordnet_network_108434259	646
wordnet_mercantile_establishment_103748162	647
wordnet_vice_president_110751265	648
wordnet_line_103671473	649
wordnet_legal_document_106479665	650
wordnet_biologist_109855630	651
wordnet_happening_107283608	652
wordnet_theologian_110705615	653
wordnet_calendar_month_115209413	654
wordnet_correspondent_109966710	655
wordnet_computer_game_100458890	656
wordnet_stream_109448361	657
wordnet_army_unit_108190754	658
wordnet_division_108213205	659
wordnet_curate_109983572	660
wordnet_resistance_101169317	661
wordnet_oldster_110376523	662
wordnet_pilot_110433164	663
wordnet_puppeteer_110493685	664
wordnet_psychologist_110488865	665
wordnet_medical_school_108283507	666
wordnet_airline_102690081	667
wordnet_depository_financial_institution_108420278	668
wordnet_visionary_110756641	669
wordnet_keyboard_instrument_103614532	670
wordnet_game_100430606	671
wordnet_architect_109805475	672
wordnet_visually_impaired_person_110757625	673
wordnet_blind_person_109860130	674
wordnet_slaveholder_110610096	675
wordnet_war_correspondent_110766718	676
wordnet_centenarian_109904208	677
wordnet_information_105816287	678
wordnet_theological_virtue_104847991	679
wordnet_printmaker_110475687	680
wordnet_range_109403734	681
wordnet_analyst_109790482	682
wordnet_homosexual_110182913	683
wordnet_occultist_110370381	684
wordnet_air_force_officer_109780828	685
wordnet_ocean_109376198	686
wordnet_percussion_instrument_103915437	687
wordnet_religion_105946687	688
wordnet_military_service_108198137	689
wordnet_linguist_110264437	690
wordnet_by-product_102930492	691
wordnet_charity_108406619	692
wordnet_virtue_104847482	693
wordnet_merchant_110309896	694
wordnet_seminary_108284994	695
wordnet_messenger_110311021	696
wordnet_road_104096066	697
wordnet_undertaking_100795720	698
wordnet_protectorate_108627316	699
wordnet_cardinal_virtue_104847600	700
wordnet_foundation_108406486	701
wordnet_ballplayer_109835506	702
wordnet_good_104849241	703
wordnet_military_leader_110316862	704
wordnet_morality_104846770	705
wordnet_initiate_110206887	706
wordnet_accordionist_109761310	707
wordnet_writing_106359877	708
wordnet_zone_108541841	709
wordnet_gay_man_110122645	710
wordnet_evidence_106643408	711
wordnet_substance_100020090	712
wordnet_guitar_103467517	713
wordnet_election_100181781	714
wordnet_work_104599396	715
wordnet_goalkeeper_110134001	716
wordnet_vote_100182213	717
wordnet_tap_dancer_110691148	718
wordnet_copywriter_109965021	719
wordnet_hero_110325013	720
wordnet_clarinetist_109926246	721
wordnet_tennis_player_110701180	722
wordnet_couple_113743605	723
wordnet_country_store_103119203	724
wordnet_trio_107986198	725
wordnet_visionary_110756433	726
wordnet_container_103094503	727
wordnet_chemist_109913824	728
wordnet_conscientious_objector_109957013	729
wordnet_oligarch_110377185	730
wordnet_music_critic_110339856	731
wordnet_two_113743269	732
wordnet_vehicle_104524313	733
wordnet_user_110741590	734
wordnet_natural_language_106904171	735
wordnet_watchman_110770059	736
wordnet_lookout_110271216	737
wordnet_publication_106589574	738
wordnet_indication_106797169	739
wordnet_analysand_109790188	740
wordnet_cartoon_106780678	741
wordnet_winger_110782471	742
wordnet_tone_language_106904943	743
wordnet_subject_106599788	744
wordnet_set_107996689	745
wordnet_chemical_114806838	746
wordnet_playmate_110441037	747
wordnet_pop_group_108249752	748
wordnet_field_marshal_110086821	749
wordnet_prisoner_of_war_110476331	750
wordnet_card_player_109894654	751
wordnet_prankster_110463714	752
wordnet_positivist_110456138	753
wordnet_twin_110734394	754
wordnet_state_senator_110650076	755
wordnet_proxy_war_113981763	756
wordnet_bridge_player_109875353	757
wordnet_troublemaker_110731244	758
wordnet_coding_system_106353757	759
wordnet_civil_war_100962567	760
wordnet_code_106355894	761
wordnet_place_of_worship_103953416	762
wordnet_time_zone_108691276	763
wordnet_pantheist_110396594	764
wordnet_railway_station_104049098	765
wordnet_chromatic_color_104959672	766
wordnet_dark_113983515	767
wordnet_software_106566077	768
wordnet_unwelcome_person_109631129	769
wordnet_war_113981403	770
wordnet_shade_113984613	771
wordnet_terminal_104412901	772
wordnet_sibling_110595164	773
wordnet_identical_twin_110197182	774
wordnet_marshal_110296176	775
wordnet_illumination_113983147	776
wordnet_back_109830194	777
wordnet_blue_104968895	778
wordnet_movement_108464601	779
wordnet_housing_103546340	780
wordnet_hostility_113980288	781
wordnet_river_109411430	782
wordnet_semidarkness_113984285	783
wordnet_thinking_105770926	784
wordnet_policeman_110448983	785
wordnet_self-propelled_vehicle_104170037	786
wordnet_progenitor_110126806	787
wordnet_wind_instrument_104586932	788
wordnet_sonneteer_110625000	789
wordnet_individualist_109619824	790
wordnet_wheeled_vehicle_104576211	791
wordnet_higher_cognitive_process_105770664	792
wordnet_female_aristocrat_110083823	793
wordnet_nondepository_financial_institution_108419984	794
wordnet_quarterback_110498816	795
wordnet_race_107472657	796
wordnet_venture_100797878	797
wordnet_motor_vehicle_103791235	798
wordnet_operation_114008806	799
wordnet_violist_110755080	800
wordnet_speech_107109196	801
wordnet_flutist_110098245	802
wordnet_statistic_106021499	803
wordnet_financier_110090020	804
wordnet_transmission_106251781	805
wordnet_record_106647206	806
wordnet_realist_110509161	807
wordnet_story_106369829	808
wordnet_parent_110399491	809
wordnet_magician_110280674	810
wordnet_genitor_110126708	811
wordnet_librarian_110257948	812
wordnet_trader_110720453	813
wordnet_non-standard_speech_107155081	814
wordnet_abbreviation_107091587	815
wordnet_compound_114818238	816
wordnet_amputee_109789566	817
wordnet_applicant_109607280	818
wordnet_empiricist_110053591	819
wordnet_emperor_110053004	820
wordnet_defensive_structure_103171356	821
wordnet_action_114006945	822
wordnet_demographic_106022076	823
wordnet_car_102958343	824
wordnet_dialect_107155661	825
wordnet_community_108223802	826
wordnet_communication_106252138	827
wordnet_ancestor_109792555	828
wordnet_deserter_110006842	829
wordnet_datum_105816622	830
wordnet_earl_110041373	831
wordnet_church_103028079	832
wordnet_offspring_110373998	833
wordnet_lector_110252222	834
wordnet_rebellion_101177327	835
wordnet_religious_leader_110519494	836
wordnet_shape_100027807	837
wordnet_park_108615149	838
wordnet_bodybuilder_109862845	839
wordnet_countertenor_109970295	840
wordnet_master's_degree_106700447	841
wordnet_rider_110529965	842
wordnet_marshal_110295951	843
wordnet_effect_105917477	844
wordnet_displaced_person_110017890	845
wordnet_craftsman_109974648	846
wordnet_male_offspring_110285938	847
wordnet_science_105999797	848
wordnet_sea_109426788	849
wordnet_special_effect_105917994	850
wordnet_entrepreneur_110060352	851
wordnet_impression_105916739	852
wordnet_food_100021265	853
wordnet_stock_trader_110657835	854
wordnet_life_peer_110260943	855
wordnet_tribe_108372411	856
wordnet_son_110624074	857
wordnet_fielder_110086568	858
wordnet_consumer_109612848	859
wordnet_spirit_109545324	860
wordnet_duke_110038620	861
wordnet_alto_109786115	862
wordnet_political_scientist_110450161	863
wordnet_political_unit_108359949	864
wordnet_drum_103249569	865
wordnet_four_113744304	866
wordnet_sociologist_110620758	867
wordnet_new_town_108626522	868
wordnet_caricature_106780069	869
wordnet_township_108672199	870
wordnet_spiritual_being_109504135	871
wordnet_prince_110472799	872
wordnet_chess_player_109915834	873
wordnet_child_109918248	874
wordnet_fortification_103385557	875
wordnet_woodwind_104598582	876
wordnet_state_108168978	877
wordnet_musical_composition_107037465	878
wordnet_anthropologist_109796323	879
wordnet_professor_110480730	880
wordnet_parody_106780309	881
wordnet_squatter_110643218	882
wordnet_institution_103574555	883
wordnet_standard_107260623	884
wordnet_talent_agent_110690002	885
wordnet_art_critic_109810867	886
wordnet_animal_100015388	887
wordnet_airport_102692232	888
wordnet_alliance_114418822	889
wordnet_graphic_designer_110144055	890
wordnet_amorphous_shape_113867492	891
wordnet_thriller_106370403	892
wordnet_hallway_103479952	893
wordnet_drug_company_108002578	894
wordnet_suitability_104715487	895
wordnet_highland_109302616	896
wordnet_draft_113377268	897
wordnet_team_sport_100887544	898
wordnet_isthmus_109319604	899
wordnet_system_of_measurement_113577171	900
wordnet_diviner_110020031	901
wordnet_investment_company_108070850	902
wordnet_secularist_110574538	903
wordnet_specialist_110632576	904
wordnet_channel_106259898	905
wordnet_name_106333653	906
wordnet_negotiable_instrument_106481156	907
wordnet_preparatory_school_108409969	908
wordnet_commissioned_naval_officer_109943541	909
wordnet_command_107168131	910
wordnet_political_campaign_107472929	911
wordnet_celebrity_109903153	912
wordnet_planter_110438619	913
wordnet_opening_109379111	914
wordnet_space_113910384	915
wordnet_order_107168623	916
wordnet_organic_compound_114727670	917
wordnet_coalition_114418662	918
wordnet_petitioner_110420031	919
wordnet_penal_institution_103907654	920
wordnet_patron_110407726	921
wordnet_passageway_103895585	922
wordnet_passage_103895293	923
wordnet_computer_user_109951274	924
wordnet_prophet_110483530	925
wordnet_prosecutor_110484858	926
wordnet_qualification_104717139	927
wordnet_solicitor_110623354	928
wordnet_killer_110231087	929
wordnet_king_110231515	930
wordnet_bachelor's_degree_106698252	931
wordnet_ballet_dancer_109834699	932
wordnet_settler_110583387	933
wordnet_service_108186047	934
wordnet_sensualist_109629246	935
wordnet_girl_110129825	936
wordnet_customer_109984659	937
wordnet_beekeeper_109846755	938
wordnet_bisexual_109857007	939
wordnet_bloc_108171094	940
wordnet_cosmologist_109819667	941
wordnet_corridor_103112099	942
wordnet_queen_110499355	943
wordnet_military_academy_108279524	944
wordnet_airfield_102687992	945
wordnet_zoologist_110806222	946
wordnet_agency_108057206	947
wordnet_waterway_109476331	948
wordnet_wrestler_110793168	949
wordnet_adventure_story_106370268	950
wordnet_football_coach_110101202	951
wordnet_evil_spirit_109541919	952
wordnet_game_show_106621061	953
wordnet_utility_108185758	954
wordnet_academy_108277805	955
wordnet_union_114418395	956
wordnet_abolitionist_109756637	957
wordnet_fabulist_110075529	958
wordnet_flunky_110098092	959
wordnet_fitness_104716864	960
wordnet_food_company_108003427	961
wordnet_adviser_109774266	962
wordnet_game_100455599	963
wordnet_idealist_110196965	964
wordnet_artificial_language_106894544	965
wordnet_ill_health_114052046	966
wordnet_baron_109840520	967
wordnet_molecule_114682133	968
wordnet_field_game_100467719	969
wordnet_signer_110597505	970
wordnet_subscriber_110670310	971
wordnet_protest_101177033	972
wordnet_surveyor_110680609	973
wordnet_nurse_110366966	974
wordnet_calculator_109887034	975
wordnet_public_transport_104019101	976
wordnet_mime_110318892	977
wordnet_swimmer_110683349	978
wordnet_political_system_108367880	979
wordnet_house_103544360	980
wordnet_academy_108279298	981
wordnet_business_district_108539072	982
wordnet_domestic_partner_110024362	983
wordnet_fundraiser_110116478	984
wordnet_kook_110240514	985
wordnet_single-reed_instrument_104222847	986
wordnet_ball_game_100471437	987
wordnet_fortress_103386011	988
wordnet_invention_105633385	989
wordnet_artistic_movement_108466643	990
wordnet_compiler_109946957	991
wordnet_athletic_game_100463246	992
wordnet_acoustic_guitar_102676566	993
wordnet_computer_scientist_109951070	994
wordnet_sports_writer_110640084	995
wordnet_spouse_110640620	996
wordnet_vertebrate_101471682	997
wordnet_principality_108558488	998
wordnet_naturalist_110346955	999
wordnet_campaign_100798245	1000
wordnet_kin_107969695	1001
wordnet_mugwump_110337488	1002
wordnet_necessitarian_110350896	1003
wordnet_art_102743547	1004
wordnet_nervous_disorder_114084880	1005
wordnet_feeder_109278997	1006
wordnet_news_program_106619850	1007
wordnet_army_108191230	1008
wordnet_status_113945919	1009
wordnet_vampire_109544109	1010
wordnet_pragmatist_110463582	1011
wordnet_monster_109491966	1012
wordnet_apologist_109798534	1013
wordnet_oboist_110369317	1014
wordnet_musicologist_110341243	1015
wordnet_currency_113385913	1016
wordnet_zither_104615226	1017
wordnet_boycott_100206130	1018
wordnet_body_107965085	1019
wordnet_memorial_103743902	1020
wordnet_adjudicator_109769636	1021
wordnet_operating_system_106568134	1022
wordnet_medium_of_exchange_113372961	1023
wordnet_beating-reed_instrument_102817799	1024
wordnet_union_108233056	1025
wordnet_chordate_101466257	1026
wordnet_explanation_106738281	1027
wordnet_book_106410904	1028
wordnet_outfielder_110386984	1029
wordnet_outdoor_game_100464651	1030
wordnet_agreement_106770275	1031
wordnet_unit_109465459	1032
wordnet_male_child_110285313	1033
wordnet_dwelling_103259505	1034
wordnet_bibliophile_109852679	1035
wordnet_philologist_110423225	1036
wordnet_civil_servant_109925459	1037
wordnet_electric_guitar_103272010	1038
wordnet_fatalist_110080508	1039
wordnet_telephone_company_108186221	1040
wordnet_written_agreement_106771653	1041
wordnet_tenor_saxophonist_110701962	1042
wordnet_pathological_state_114051917	1043
wordnet_revolution_107424109	1044
wordnet_branch_109228324	1045
wordnet_trouble_107289014	1046
wordnet_change_107296428	1047
wordnet_materialist_110300963	1048
wordnet_anomaly_109606527	1049
wordnet_anthologist_109796062	1050
wordnet_astrologer_109817816	1051
wordnet_authority_109824609	1052
wordnet_adversary_109773245	1053
wordnet_vitamin_115089258	1054
wordnet_judge_110225219	1055
wordnet_astrophysicist_109819291	1056
wordnet_problem_solving_105796750	1057
wordnet_sax_104141076	1058
wordnet_camp_102945379	1059
wordnet_river_basin_108518940	1060
wordnet_forecaster_110102506	1061
wordnet_fluid_114939900	1062
wordnet_crack_109258715	1063
wordnet_acid_114607521	1064
wordnet_mammal_101861778	1065
wordnet_biological_group_107941170	1066
wordnet_mayor_110303814	1067
wordnet_foreign_minister_110103794	1068
wordnet_marina_103721590	1069
wordnet_flag_officer_110094584	1070
wordnet_murderer_110338707	1071
wordnet_broadcast_106254007	1072
wordnet_programmer_110481268	1073
wordnet_labor_leader_110242032	1074
wordnet_sheriff_110589140	1075
wordnet_administrator_109770472	1076
wordnet_message_106253690	1077
wordnet_lipid_114938907	1078
wordnet_whole_105869584	1079
wordnet_military_quarters_103763727	1080
wordnet_component_103081021	1081
wordnet_fool_110100761	1082
wordnet_military_installation_103763133	1083
wordnet_linebacker_110263002	1084
wordnet_lieutenant_110259348	1085
wordnet_meteorologist_110312287	1086
wordnet_quintet_107041795	1087
wordnet_radio_station_104044119	1088
wordnet_rebellion_100962129	1089
wordnet_psychic_110488309	1090
wordnet_liquid_114940386	1091
wordnet_section_106392001	1092
wordnet_macromolecule_114944888	1093
wordnet_programming_language_106898352	1094
wordnet_magazine_106595351	1095
wordnet_motion_100331950	1096
wordnet_camp_102944826	1097
wordnet_basketball_coach_109841955	1098
wordnet_landing_103638321	1099
wordnet_admiral_109771204	1100
wordnet_botanist_109868270	1101
wordnet_simpleton_110599354	1102
wordnet_medium_110306279	1103
wordnet_volunteer_110759331	1104
wordnet_decoration_106706676	1105
wordnet_part_103892891	1106
wordnet_living_quarters_103679384	1107
wordnet_cryptanalyst_109981540	1108
wordnet_decoder_109995398	1109
wordnet_spectator_110633450	1110
wordnet_portraitist_110455619	1111
wordnet_genealogy_108102402	1112
wordnet_hill_109303008	1113
wordnet_announcer_109795124	1114
wordnet_holy_place_108585056	1115
wordnet_taxonomic_group_107992450	1116
wordnet_colonel_109937250	1117
wordnet_father_110080869	1118
wordnet_talk_show_106620227	1119
wordnet_doctrine_105943300	1120
wordnet_fatty_acid_114740227	1121
wordnet_symptom_114299637	1122
wordnet_dock_103216828	1123
wordnet_emirate_108557396	1124
wordnet_comic_strip_107003352	1125
wordnet_hunter_110193026	1126
wordnet_nutriment_107570720	1127
wordnet_nursing_school_108283757	1128
wordnet_hypochondriac_110195487	1129
wordnet_agent_109777012	1130
wordnet_fascist_110079893	1131
wordnet_theory_105989479	1132
wordnet_cognitive_scientist_109934647	1133
wordnet_tower_104460130	1134
wordnet_air_force_108196024	1135
wordnet_trombonist_110730416	1136
wordnet_geometer_110128016	1137
wordnet_explorer_110072708	1138
wordnet_alchemist_109781921	1139
wordnet_civil_authority_110541833	1140
wordnet_chronology_106503224	1141
wordnet_chordophone_103025886	1142
wordnet_timeline_106504965	1143
wordnet_harpsichordist_110161047	1144
wordnet_clown_109931165	1145
wordnet_chief_of_staff_109917214	1146
wordnet_explanation_105793000	1147
wordnet_code_106667317	1148
wordnet_written_record_106502378	1149
wordnet_dueler_110038929	1150
wordnet_academic_administrator_109758885	1151
wordnet_orator_110380672	1152
wordnet_vent_109470550	1153
wordnet_hotelier_110187990	1154
wordnet_inhabitant_109620078	1155
wordnet_commissioner_109943811	1156
wordnet_mythical_being_109484664	1157
wordnet_mythical_monster_109492123	1158
wordnet_car_manufacturer_108066763	1159
wordnet_carboxylic_acid_114739360	1160
wordnet_spokesperson_110638385	1161
wordnet_internee_110212074	1162
wordnet_sports_announcer_110639637	1163
wordnet_print_media_106263609	1164
wordnet_evidence_105823932	1165
wordnet_priest_110470779	1166
wordnet_inquiry_105797597	1167
wordnet_press_106263369	1168
wordnet_newspaper_editor_110356450	1169
wordnet_commodity_103076708	1170
wordnet_fisherman_110093658	1171
wordnet_power_105190804	1172
wordnet_possession_100032613	1173
wordnet_disciple_110016103	1174
wordnet_profession_108112096	1175
wordnet_philhellene_110422540	1176
wordnet_number_theorist_110366276	1177
wordnet_mechanical_engineer_110304650	1178
wordnet_episode_106396330	1179
wordnet_commander_in_chief_109941787	1180
wordnet_national_park_108600992	1181
wordnet_cabal_108241798	1182
wordnet_natural_depression_109366017	1183
wordnet_family_107970721	1184
wordnet_concentration_camp_103086183	1185
wordnet_printer_110475297	1186
wordnet_religious_residence_104073948	1187
wordnet_booker_109865954	1188
wordnet_corporation_108059412	1189
wordnet_representation_105926676	1190
wordnet_martial_art_100825443	1191
wordnet_wife_110780632	1192
wordnet_wrongdoing_100732746	1193
wordnet_protection_100817680	1194
wordnet_resident_110523519	1195
wordnet_watercolorist_110770545	1196
wordnet_problem_114410605	1197
wordnet_cartoon_106616464	1198
wordnet_parapsychologist_110398806	1199
wordnet_count_109969218	1200
wordnet_compound_105870180	1201
wordnet_residence_104079244	1202
wordnet_matter_106365467	1203
wordnet_achiever_109762821	1204
wordnet_reservist_110523341	1205
wordnet_nudist_110365701	1206
wordnet_constable_109959142	1207
wordnet_clique_108240633	1208
wordnet_psychiatrist_110488016	1209
wordnet_optician_110380000	1210
wordnet_addition_102679415	1211
wordnet_military_rank_114431471	1212
wordnet_nihilist_110358420	1213
wordnet_prairie_108619524	1214
wordnet_congressional_district_108542884	1215
wordnet_coloring_material_114984973	1216
wordnet_weapon_104565375	1217
wordnet_military_108199025	1218
wordnet_noisemaker_103827536	1219
wordnet_military_governor_110316683	1220
wordnet_mother_110332385	1221
wordnet_nomad_110359759	1222
wordnet_private_detective_110476671	1223
wordnet_accompanist_109760913	1224
wordnet_werewolf_109503121	1225
wordnet_military_post_103763403	1226
wordnet_moralist_110330931	1227
wordnet_rancher_110506417	1228
wordnet_occupational_group_108403631	1229
wordnet_rank_114429985	1230
wordnet_nuclear_physicist_110364643	1231
wordnet_commissar_109942697	1232
wordnet_religion_108081668	1233
wordnet_placental_101886756	1234
wordnet_consul_109959797	1235
wordnet_community_107941729	1236
wordnet_plain_109393605	1237
wordnet_coin_113388245	1238
wordnet_plaything_103964744	1239
wordnet_coinage_113387877	1240
wordnet_neologism_106294441	1241
wordnet_newspaper_106267145	1242
wordnet_breed_108101410	1243
wordnet_equipment_103294048	1244
wordnet_college_108278324	1245
wordnet_monastery_103781244	1246
wordnet_crime_100766234	1247
wordnet_additive_102679788	1248
wordnet_drug_103247620	1249
wordnet_joint_venture_100785596	1250
wordnet_advertising_agency_108353912	1251
wordnet_antioxidant_114724645	1252
wordnet_junior_college_108282364	1253
wordnet_song_107048000	1254
wordnet_adventurer_109606009	1255
wordnet_valley_109468604	1256
wordnet_society_107966140	1257
wordnet_draftee_110028765	1258
wordnet_auteur_109823927	1259
wordnet_slaver_110610201	1260
wordnet_slave_110609325	1261
wordnet_garrison_103420559	1262
wordnet_skater_110604491	1263
wordnet_skateboarder_110604380	1264
wordnet_horn_103537085	1265
wordnet_animal_group_107993929	1266
wordnet_text_106387980	1267
wordnet_utilitarian_110742736	1268
wordnet_lake_109328904	1269
wordnet_degree_105093890	1270
wordnet_ballerina_109834592	1271
wordnet_law_degree_106704740	1272
wordnet_law_enforcement_agency_108348815	1273
wordnet_showman_110593745	1274
wordnet_deceiver_109998101	1275
wordnet_agent_114778436	1276
wordnet_short_subject_106616314	1277
wordnet_engraver_110058155	1278
wordnet_harpist_110160770	1279
wordnet_encyclopedist_110055566	1280
wordnet_issue_105814650	1281
wordnet_thief_110707804	1282
wordnet_venture_capitalist_110747965	1283
wordnet_structure_105726345	1284
wordnet_disease_114070360	1285
wordnet_area_102735688	1286
wordnet_appellation_106338908	1287
wordnet_stockbroker_110657444	1288
wordnet_ventriloquist_110747815	1289
wordnet_illness_114061805	1290
wordnet_infielder_110205457	1291
wordnet_statistician_110653238	1292
wordnet_army_engineer_109809538	1293
wordnet_difficulty_114408086	1294
wordnet_sultanate_108896327	1295
wordnet_arrangement_105726596	1296
wordnet_inhibitor_114724436	1297
wordnet_inmate_110207370	1298
wordnet_detective_110009484	1299
wordnet_fugitive_110115082	1300
wordnet_version_107173585	1301
wordnet_synthesist_110687231	1302
wordnet_veterinary_school_108287335	1303
wordnet_house_107971449	1304
wordnet_variety_108101085	1305
wordnet_hot_spot_108586330	1306
wordnet_interpretation_107170753	1307
wordnet_horseman_110185793	1308
wordnet_affliction_107305234	1309
wordnet_victimizer_110752719	1310
wordnet_speculator_110634075	1311
wordnet_investigator_110215623	1312
wordnet_vintner_110754088	1313
wordnet_legal_profession_108112402	1314
wordnet_heading_106343971	1315
wordnet_bass_102803349	1316
wordnet_biome_107941945	1317
wordnet_dame_109989045	1318
wordnet_line_107012534	1319
wordnet_tune_107028373	1320
wordnet_transgression_100745005	1321
wordnet_semanticist_110577820	1322
wordnet_lineage_108101937	1323
wordnet_macroeconomist_110279392	1324
wordnet_self-defense_100825192	1325
wordnet_grassland_108598301	1326
wordnet_see_108586825	1327
wordnet_food_additive_103377845	1328
wordnet_alp_109193705	1329
wordnet_bass_guitar_102804123	1330
wordnet_analyst_109790278	1331
wordnet_train_104468005	1332
wordnet_elected_official_110048836	1333
wordnet_sect_108149781	1334
wordnet_machine_103699975	1335
wordnet_secret_society_108235343	1336
wordnet_grade_school_108412749	1337
wordnet_school_district_108587709	1338
wordnet_alto_saxophonist_109786226	1339
wordnet_belly_dancer_109849462	1340
wordnet_geologist_110127689	1341
wordnet_barrister_109840963	1342
wordnet_wanderer_110765679	1343
wordnet_title_106345993	1344
wordnet_lieutenant_governor_110260322	1345
wordnet_electrical_engineer_110049017	1346
wordnet_royalty_108153437	1347
wordnet_room_104105893	1348
wordnet_trial_107372959	1349
wordnet_dance_school_108411483	1350
wordnet_treaty_106773434	1351
wordnet_market_101097292	1352
wordnet_cascade_109236957	1353
wordnet_application_106570110	1354
wordnet_appointee_109800964	1355
wordnet_pornographer_110455094	1356
wordnet_apparition_105897553	1357
wordnet_approval_106686736	1358
wordnet_system_104377057	1359
wordnet_class_107974025	1360
wordnet_civil_engineer_109924540	1361
wordnet_polytechnic_institute_108285407	1362
wordnet_cathedral_102984061	1363
wordnet_trial_105799212	1364
wordnet_suffragist_110672908	1365
wordnet_path_109387222	1366
wordnet_alcohol_114708720	1367
wordnet_abstainer_109758173	1368
wordnet_civilization_108111783	1369
wordnet_surgeon_110679174	1370
wordnet_appearance_105939432	1371
wordnet_trail_109460312	1372
wordnet_pigment_114989820	1373
wordnet_plunderer_110443170	1374
wordnet_church_officer_109922799	1375
wordnet_phytochemical_114983143	1376
wordnet_time_unit_115154774	1377
wordnet_agriculturist_109779790	1378
wordnet_unskilled_person_109632274	1379
wordnet_chief_executive_officer_109916348	1380
wordnet_postmaster_110459575	1381
wordnet_thoroughfare_104426618	1382
wordnet_abstraction_105854150	1383
wordnet_trade_unionist_110720964	1384
wordnet_amusement_park_108494231	1385
wordnet_chef_109963574	1386
wordnet_theosophist_110707134	1387
wordnet_picture_103931044	1388
wordnet_channel_109241247	1389
wordnet_cheer_106692572	1390
wordnet_utterance_107109847	1391
wordnet_philatelist_110422405	1392
wordnet_technician_110696251	1393
wordnet_planner_110438172	1394
wordnet_championship_107457834	1395
wordnet_chain_108057816	1396
wordnet_century_115205532	1397
wordnet_technical_school_108285246	1398
wordnet_tourist_attraction_105853820	1399
wordnet_plaza_103965456	1400
wordnet_talking_head_110690095	1401
wordnet_pledger_110441694	1402
wordnet_personality_104617562	1403
wordnet_perplexity_105685363	1404
wordnet_trade_name_106845599	1405
wordnet_perpetrator_110417168	1406
wordnet_ailment_114055408	1407
wordnet_archeologist_109804806	1408
wordnet_art_school_102746978	1409
wordnet_potter_110460806	1410
wordnet_barrier_island_109214760	1411
wordnet_recorder_player_110512109	1412
wordnet_seller_110577284	1413
wordnet_sensing_100876874	1414
wordnet_sensory_activity_100876737	1415
wordnet_quartermaster_110498986	1416
wordnet_weapon_of_mass_destruction_104565963	1417
wordnet_bus_102924116	1418
wordnet_series_108457976	1419
wordnet_service_100577525	1420
wordnet_baronet_109840639	1421
wordnet_psychoactive_drug_104017137	1422
wordnet_wale_114298620	1423
wordnet_seven_113744916	1424
wordnet_qi_114050559	1425
wordnet_pusher_110495555	1426
wordnet_sex_offender_110584973	1427
wordnet_sextet_107041902	1428
wordnet_cabalist_109885534	1429
wordnet_baroness_109843309	1430
wordnet_public_defender_110490557	1431
wordnet_brain_disorder_114085708	1432
wordnet_box_102883344	1433
wordnet_regulatory_agency_108353406	1434
wordnet_relationship_113780719	1435
wordnet_restaurant_chain_108061801	1436
wordnet_rift_109410101	1437
wordnet_water_sport_100441824	1438
wordnet_residence_108558963	1439
wordnet_right_105174653	1440
wordnet_bishop_109857200	1441
wordnet_rule_105846054	1442
wordnet_biochemist_109854915	1443
wordnet_school_104146050	1444
wordnet_waterfall_109475292	1445
wordnet_representation_104076846	1446
wordnet_representation_100898518	1447
wordnet_warrior_110768585	1448
wordnet_script_107009946	1449
wordnet_religious_movement_108473787	1450
wordnet_war_crime_100782518	1451
wordnet_address_108491027	1452
wordnet_beacon_102814860	1453
wordnet_bay_109215664	1454
wordnet_psychological_state_114373582	1455
wordnet_shortstop_110592986	1456
wordnet_world_war_100996817	1457
wordnet_accountant_109761403	1458
wordnet_spout_104287153	1459
wordnet_riding_100450335	1460
wordnet_ace_109762509	1461
wordnet_art_historian_109811414	1462
wordnet_princess_110474064	1463
wordnet_standing_113948136	1464
wordnet_art_form_105841151	1465
wordnet_arrangement_107938773	1466
wordnet_acculturation_105984936	1467
wordnet_caricaturist_109896170	1468
wordnet_bard_109839022	1469
wordnet_workman_110791221	1470
wordnet_storage_medium_106263762	1471
wordnet_carpenter_109896685	1472
wordnet_strait_109446115	1473
wordnet_architectural_style_105841351	1474
wordnet_practice_105667196	1475
wordnet_practice_100410247	1476
wordnet_street_104334599	1477
wordnet_archer_109805324	1478
wordnet_articulation_107131854	1479
wordnet_prison_104005630	1480
wordnet_woodworker_110790192	1481
wordnet_probability_theorist_110477465	1482
wordnet_sign_106646243	1483
wordnet_property_113244109	1484
wordnet_property_105849040	1485
wordnet_viticulturist_110758121	1486
wordnet_propagandist_110482921	1487
wordnet_automaton_102761392	1488
wordnet_pronunciation_107128946	1489
wordnet_skill_105637558	1490
wordnet_program_106568978	1491
wordnet_augur_109823287	1492
wordnet_acquisition_100077419	1493
wordnet_attraction_105850823	1494
wordnet_campaign_100968155	1495
wordnet_visual_communication_106873252	1496
wordnet_acquiring_100041899	1497
wordnet_captain_109893191	1498
wordnet_procession_100296585	1499
wordnet_asteroid_109208702	1500
wordnet_probe_105800611	1501
wordnet_trustee_110732314	1502
wordnet_personification_110418101	1503
wordnet_conservatory_103092314	1504
wordnet_covering_103122748	1505
wordnet_guerrilla_110150556	1506
wordnet_compositor_109949946	1507
wordnet_end_108566028	1508
wordnet_ghost_105898171	1509
wordnet_life_science_106037298	1510
wordnet_minority_leader_110321233	1511
wordnet_insurance_company_108070465	1512
wordnet_observation_100879759	1513
wordnet_misfortune_107304852	1514
wordnet_observatory_103839671	1515
wordnet_energy_114050143	1516
wordnet_insurgency_100963241	1517
wordnet_microeconomist_110313724	1518
wordnet_cricketer_109977326	1519
wordnet_missionary_110322957	1520
wordnet_devil_109542339	1521
wordnet_concession_106526619	1522
wordnet_ecologist_110043163	1523
wordnet_habitat_108580583	1524
wordnet_horticulturist_110186350	1525
wordnet_metabolic_disorder_114084502	1526
wordnet_football_league_108232496	1527
wordnet_habitation_108580803	1528
wordnet_deacon_109994673	1529
wordnet_entomologist_110059904	1530
wordnet_environment_108567235	1531
wordnet_deaf_person_109996481	1532
wordnet_convict_109963159	1533
wordnet_marquis_110295479	1534
wordnet_line_108593262	1535
wordnet_franchise_106526811	1536
wordnet_cognitive_state_105669934	1537
wordnet_nuclear_weapon_103834604	1538
wordnet_industrialist_110204177	1539
wordnet_look_100877127	1540
wordnet_natural_science_106000400	1541
wordnet_myth_106372680	1542
wordnet_naval_battle_100958477	1543
wordnet_navy_108191701	1544
wordnet_embodiment_110418302	1545
wordnet_emergency_107417405	1546
wordnet_grand_duke_110142060	1547
wordnet_mystery_105685538	1548
wordnet_news_agency_108355075	1549
wordnet_gargoyle_103418618	1550
wordnet_gardener_110120533	1551
wordnet_gallery_103412058	1552
wordnet_informant_110205985	1553
wordnet_employer_110054657	1554
wordnet_commodore_109945021	1555
wordnet_literary_agent_109778144	1556
wordnet_noblewoman_110242791	1557
wordnet_fundamental_law_106533648	1558
wordnet_consumer_goods_103093574	1559
wordnet_minor_planet_109355623	1560
wordnet_indie_108249854	1561
wordnet_contract_106520944	1562
wordnet_normal_school_108412620	1563
wordnet_injury_114285662	1564
wordnet_fraternity_108229467	1565
wordnet_dynasty_107971582	1566
wordnet_lineman_110263411	1567
wordnet_opening_103848729	1568
wordnet_first_lady_110092880	1569
wordnet_left_fielder_110387586	1570
wordnet_federation_108303504	1571
wordnet_medicine_106043075	1572
wordnet_medium_106261586	1573
wordnet_feature_105849789	1574
wordnet_feature_106615026	1575
wordnet_consort_109958724	1576
wordnet_meeting_108307589	1577
wordnet_laborer_110241300	1578
wordnet_juncture_107416714	1579
wordnet_impersonator_110200365	1580
wordnet_lady_110243137	1581
wordnet_cornerback_109965787	1582
wordnet_pageant_100899761	1583
wordnet_lair_108591399	1584
wordnet_confusion_105683582	1585
wordnet_medicine_103740161	1586
wordnet_paper_114974264	1587
wordnet_keeper_110229498	1588
wordnet_medical_science_106045562	1589
wordnet_experiment_105798043	1590
wordnet_parade_108428485	1591
wordnet_economy_108366753	1592
wordnet_democracy_108361329	1593
wordnet_history_106514093	1594
wordnet_kicker_110230580	1595
wordnet_paramilitary_108207209	1596
wordnet_correctional_institution_103111690	1597
wordnet_park_108615374	1598
wordnet_mass_murderer_110298343	1599
wordnet_parodist_110400998	1600
wordnet_master_110298647	1601
wordnet_mechanism_103738472	1602
wordnet_muralist_110338498	1603
wordnet_clothing_103051540	1604
wordnet_merchandise_103748886	1605
wordnet_orientalist_110383689	1606
wordnet_crisis_107417644	1607
wordnet_conference_108308497	1608
wordnet_equestrian_sport_100450700	1609
wordnet_honor_114436875	1610
wordnet_cofactor_114800706	1611
wordnet_cook_109963320	1612
wordnet_cooperative_101100877	1613
wordnet_ordering_108456993	1614
wordnet_drug_of_abuse_103248958	1615
wordnet_clue_106643763	1616
wordnet_dealer_110721470	1617
wordnet_illusion_105939636	1618
wordnet_fencer_110085217	1619
wordnet_government_agent_110133644	1620
wordnet_good_health_114049711	1621
wordnet_ethologist_110065911	1622
wordnet_craft_103125870	1623
wordnet_law_106532330	1624
wordnet_fiduciary_110086074	1625
wordnet_juggler_110226413	1626
wordnet_ester_114850483	1627
wordnet_jumper_110226993	1628
wordnet_decoration_103169390	1629
wordnet_meme_105985126	1630
wordnet_definition_106744396	1631
wordnet_overseer_110388732	1632
wordnet_supplier_110677271	1633
wordnet_appearance_104673965	1634
wordnet_distributor_110018861	1635
wordnet_appellate_court_108330106	1636
wordnet_distribution_105729036	1637
wordnet_hydroxide_114935555	1638
wordnet_disguise_103206718	1639
wordnet_district_attorney_110019072	1640
wordnet_part_105867413	1641
wordnet_supremacist_110678662	1642
wordnet_supreme_court_108336188	1643
wordnet_drink_107885223	1644
wordnet_drama_critic_110030147	1645
wordnet_antidepressant_102718811	1646
wordnet_dragon_109494388	1647
wordnet_homeless_110182190	1648
wordnet_homicide_100220023	1649
wordnet_double_agent_110027476	1650
wordnet_antiquary_109797606	1651
wordnet_tax_collector_110693052	1652
wordnet_aphasia_114097574	1653
wordnet_double-reed_instrument_103228016	1654
wordnet_horizontal_surface_103536348	1655
wordnet_hot_spring_109305898	1656
wordnet_tableland_109453008	1657
wordnet_housewife_110189776	1658
wordnet_apostle_109799461	1659
wordnet_human_right_105176846	1660
wordnet_syndrome_105870790	1661
wordnet_humaneness_104828925	1662
wordnet_symphony_orchestra_108248856	1663
wordnet_apparatus_102727825	1664
wordnet_humanistic_discipline_106153846	1665
wordnet_sweater_104370048	1666
wordnet_suspension_bridge_104366367	1667
wordnet_humanity_104829182	1668
wordnet_survival_101022178	1669
wordnet_diver_110019552	1670
wordnet_hydride_114910748	1671
wordnet_surface_104362025	1672
wordnet_doctor's_degree_106702458	1673
wordnet_inflammation_114336539	1674
wordnet_discovery_100043195	1675
wordnet_assortment_108398773	1676
wordnet_special_107166851	1677
wordnet_jersey_103595614	1678
wordnet_specialism_105705184	1679
wordnet_assets_113329641	1680
wordnet_destroyer_110008716	1681
wordnet_detective_110009276	1682
wordnet_detective_novel_106368142	1683
wordnet_asset_105154517	1684
wordnet_assassin_109813696	1685
wordnet_speechwriter_110631654	1686
wordnet_sphenisciform_seabird_102055658	1687
wordnet_determination_100151497	1688
wordnet_developer_110010062	1689
wordnet_intifada_100963447	1690
wordnet_intervention_101240210	1691
wordnet_internment_114000302	1692
wordnet_intelligence_108339454	1693
wordnet_spear_104270891	1694
wordnet_space_station_104266162	1695
wordnet_imperfection_114462666	1696
wordnet_despair_107541923	1697
wordnet_auction_house_108076946	1698
wordnet_social_worker_110620027	1699
wordnet_kidnapper_110230801	1700
wordnet_attitude_106193203	1701
wordnet_deputy_110005548	1702
wordnet_attire_102756098	1703
wordnet_attention_105650579	1704
wordnet_solvent_115047313	1705
wordnet_design_103178782	1706
wordnet_designation_100152018	1707
wordnet_attendant_109821831	1708
wordnet_attacker_109821253	1709
wordnet_jurisdiction_108590369	1710
wordnet_sorority_108230477	1711
wordnet_sound_property_104983122	1712
wordnet_astronaut_109818022	1713
wordnet_source_104263614	1714
wordnet_diagnosis_100152727	1715
wordnet_spot_104682462	1716
wordnet_diagnostician_110011074	1717
wordnet_spring_109443453	1718
wordnet_infectious_agent_109312843	1719
wordnet_infantryman_110204921	1720
wordnet_diol_114835980	1721
wordnet_diplomatic_mission_108402693	1722
wordnet_strategist_110661563	1723
wordnet_direction_106786629	1724
wordnet_string_107013549	1725
wordnet_indefinite_quantity_113576355	1726
wordnet_incident_107307477	1727
wordnet_impression_106590210	1728
wordnet_archbishop_109805151	1729
wordnet_stunt_100046344	1730
wordnet_aquatic_bird_101844917	1731
wordnet_dirty_war_100980394	1732
wordnet_appraisal_105733583	1733
wordnet_subjugation_113996300	1734
wordnet_submariner_110669357	1735
wordnet_steward_110655594	1736
wordnet_sterol_115058310	1737
wordnet_steroid_115057744	1738
wordnet_inquirer_110207831	1739
wordnet_diary_106402031	1740
wordnet_staff_member_110644598	1741
wordnet_dictator_110012244	1742
wordnet_die_103191029	1743
wordnet_insecticide_114919948	1744
wordnet_star_109444100	1745
wordnet_state's_attorney_110649962	1746
wordnet_diet_107561112	1747
wordnet_stereotype_105927586	1748
wordnet_ingredient_103570709	1749
wordnet_informing_107212190	1750
wordnet_dietary_supplement_107562495	1751
wordnet_influence_105194151	1752
wordnet_inflammatory_disease_114171682	1753
wordnet_hired_hand_110176679	1754
wordnet_stenographer_110654015	1755
wordnet_driver_110034906	1756
wordnet_ammunition_102703275	1757
wordnet_animal_virus_101335659	1758
wordnet_eponym_106334985	1759
wordnet_forfeit_100205891	1760
wordnet_adventure_100796315	1761
wordnet_force_unit_113603065	1762
wordnet_engagement_101239064	1763
wordnet_vizier_110758445	1764
wordnet_force_105194578	1765
wordnet_volcanic_crater_109472413	1766
wordnet_footbridge_103379828	1767
wordnet_enlisted_man_110058585	1768
wordnet_voter_110760340	1769
wordnet_foodstuff_107566340	1770
wordnet_adjutant_109770179	1771
wordnet_folk_dancing_100537682	1772
wordnet_ward_110767020	1773
wordnet_flute_103372029	1774
wordnet_epidemic_107435533	1775
wordnet_fireman_110091651	1776
wordnet_forger_110105260	1777
wordnet_end_110056398	1778
wordnet_viscount_110756148	1779
wordnet_affiliate_109776346	1780
wordnet_agent_109190918	1781
wordnet_fullback_110115430	1782
wordnet_fugitive_110114897	1783
wordnet_empress_110053439	1784
wordnet_vessel_104530566	1785
wordnet_freeholder_110110287	1786
wordnet_viceroyalty_108678151	1787
wordnet_aesthetic_105968971	1788
wordnet_virus_101328702	1789
wordnet_video_106277803	1790
wordnet_aerospace_engineer_109776079	1791
wordnet_foundation_113790712	1792
wordnet_violence_100965404	1793
wordnet_violin_104536866	1794
wordnet_forte_105159225	1795
wordnet_advertiser_109773962	1796
wordnet_watercourse_104559275	1797
wordnet_finance_minister_110089892	1798
wordnet_variety_show_107020239	1799
wordnet_era_115248564	1800
wordnet_accounting_firm_108062326	1801
wordnet_feeling_100026192	1802
wordnet_accomplishment_100035189	1803
wordnet_examiner_110068234	1804
wordnet_accident_107301336	1805
wordnet_accessory_109759875	1806
wordnet_feat_100036762	1807
wordnet_fastener_103323703	1808
wordnet_executioner_110069427	1809
wordnet_farm_team_108079151	1810
wordnet_fare_107560652	1811
wordnet_family_107970406	1812
wordnet_yard_bird_110802507	1813
wordnet_falsehood_106756407	1814
wordnet_zone_108509442	1815
wordnet_fairy_109540430	1816
wordnet_faculty_105650329	1817
wordnet_feline_102120997	1818
wordnet_wordbook_106418693	1819
wordnet_evaluation_105736149	1820
wordnet_white_supremacist_110779610	1821
wordnet_escapee_110062905	1822
wordnet_weaponry_104566257	1823
wordnet_web_site_106359193	1824
wordnet_weightlifter_110773394	1825
wordnet_film_103338821	1826
wordnet_adaptation_106408779	1827
wordnet_whistle_blower_110777400	1828
wordnet_filicide_110088101	1829
wordnet_euphoriant_103301696	1830
wordnet_estate_113246662	1831
wordnet_acquisition_113253255	1832
wordnet_etcher_110064977	1833
wordnet_ethnic_minority_107967736	1834
wordnet_acne_rosacea_114222352	1835
wordnet_acne_114222112	1836
wordnet_feminist_movement_100800421	1837
wordnet_g_113648596	1838
wordnet_garment_103419014	1839
wordnet_animal_oil_114755077	1840
wordnet_traditionalist_110721124	1841
wordnet_time_off_115118453	1842
wordnet_habit_105669034	1843
wordnet_time_scale_115134691	1844
wordnet_gulf_109296121	1845
wordnet_deputation_108402442	1846
wordnet_duration_115133621	1847
wordnet_toll_bridge_104449449	1848
wordnet_amide_114724264	1849
wordnet_dye_114985383	1850
wordnet_greeter_110146927	1851
wordnet_tournament_107464725	1852
wordnet_great_110145081	1853
wordnet_grandee_110142290	1854
wordnet_grammarian_110141364	1855
wordnet_ear-nose-and-throat_doctor_110059323	1856
wordnet_eating_disorder_114055623	1857
wordnet_alkene_114713120	1858
wordnet_time_of_life_115144371	1859
wordnet_tight_end_110710778	1860
wordnet_throwster_110709745	1861
wordnet_android_102710201	1862
wordnet_highway_103519981	1863
wordnet_animal_material_114755804	1864
wordnet_termination_100209943	1865
wordnet_heterocyclic_compound_115025397	1866
wordnet_heritage_105669797	1867
wordnet_test_pilot_110704098	1868
wordnet_helping_107578363	1869
wordnet_heir_110168584	1870
wordnet_three_113744044	1871
wordnet_anatomist_109792237	1872
wordnet_duchy_108557131	1873
wordnet_harp_103495258	1874
wordnet_hare_102326432	1875
wordnet_thinker_110708292	1876
wordnet_hairdresser_110155849	1877
wordnet_hack_110154601	1878
wordnet_tradition_105809745	1879
wordnet_government_108050678	1880
wordnet_vacation_115137890	1881
wordnet_trainee_110722385	1882
wordnet_aircraft_102686568	1883
wordnet_air_force_academy_108279800	1884
wordnet_eight_113745086	1885
wordnet_elder_110048218	1886
wordnet_geographer_110127555	1887
wordnet_aid_113265904	1888
wordnet_genus_108108972	1889
wordnet_unit_of_measurement_113583724	1890
wordnet_genocide_101245159	1891
wordnet_electric_organ_103273551	1892
wordnet_untouchable_110739881	1893
wordnet_genie_109544433	1894
wordnet_upholsterer_110740482	1895
wordnet_upper_class_108386365	1896
wordnet_aggression_100964569	1897
wordnet_general_election_100182435	1898
wordnet_elite_108386555	1899
wordnet_turtleneck_104502197	1900
wordnet_ghostwriter_110128748	1901
wordnet_gift_113265011	1902
wordnet_edition_106590446	1903
wordnet_aliphatic_compound_114601294	1904
wordnet_transferred_property_113252973	1905
wordnet_gossip_107223170	1906
wordnet_alcohol_107884567	1907
wordnet_transportation_company_108004089	1908
wordnet_transvestite_110726031	1909
wordnet_travel_agency_108355692	1910
wordnet_golf_club_108229694	1911
wordnet_glossary_106420781	1912
wordnet_goldmine_103445217	1913
wordnet_triglyceride_114885369	1914
wordnet_trilogy_107985825	1915
wordnet_airship_102692877	1916
wordnet_glycoside_114887305	1917
wordnet_glyceryl_ester_114887026	1918
wordnet_glyceride_114885088	1919
wordnet_killing_100219012	1920
wordnet_shirt_104197391	1921
wordnet_social_dancing_100532110	1922
wordnet_complex_114817592	1923
wordnet_naval_academy_108279665	1924
wordnet_card_102962545	1925
wordnet_natural_resource_113332009	1926
wordnet_community_college_108282542	1927
wordnet_competition_101168569	1928
wordnet_carcinogen_114793812	1929
wordnet_complex_105870365	1930
wordnet_prison_camp_104005912	1931
wordnet_mythologist_110343869	1932
wordnet_casualty_109899782	1933
wordnet_prize_113268146	1934
wordnet_captor_109609561	1935
wordnet_mutiny_100963896	1936
wordnet_musketeer_110341446	1937
wordnet_component_105868954	1938
wordnet_captivity_113999206	1939
wordnet_musical_notation_106814870	1940
wordnet_computer_103082979	1941
wordnet_presiding_officer_110469346	1942
wordnet_president_110468962	1943
wordnet_card_game_100488225	1944
wordnet_neurologist_110354265	1945
wordnet_novice_110363913	1946
wordnet_cartographer_109898215	1947
wordnet_notation_106808493	1948
wordnet_post_108624385	1949
wordnet_notary_110363149	1950
wordnet_nonperson_110361525	1951
wordnet_power_company_108186393	1952
wordnet_power_station_103996655	1953
wordnet_committee_108324514	1954
wordnet_nonconformist_109957834	1955
wordnet_praetor_110463028	1956
wordnet_nobility_108388207	1957
wordnet_carotenoid_114720962	1958
wordnet_carnivore_102075296	1959
wordnet_premier_109907196	1960
wordnet_preparation_101143040	1961
wordnet_nickname_106337693	1962
wordnet_canal_102947212	1963
wordnet_concentration_105704266	1964
wordnet_professional_association_108242675	1965
wordnet_cadet_109886540	1966
wordnet_public_school_108410282	1967
wordnet_public_servant_110491136	1968
wordnet_mining_engineer_110320484	1969
wordnet_mineralogist_110319996	1970
wordnet_publicist_110490699	1971
wordnet_miner_110319796	1972
wordnet_byway_102930645	1973
wordnet_millionaire_110529555	1974
wordnet_pyridine_114692510	1975
wordnet_consulting_firm_108062464	1976
wordnet_contact_107339329	1977
wordnet_continuance_101017987	1978
wordnet_contradiction_107206887	1979
wordnet_middle_age_115153472	1980
wordnet_burg_108671168	1981
wordnet_bureaucrat_109880427	1982
wordnet_microscopist_110313872	1983
wordnet_minor-league_team_108078976	1984
wordnet_calamity_107314838	1985
wordnet_murder_100220522	1986
wordnet_psycholinguist_110488656	1987
wordnet_confederate_109953483	1988
wordnet_confinement_113998576	1989
wordnet_mouse_102330245	1990
wordnet_promontory_109399592	1991
wordnet_promoter_110482220	1992
wordnet_motion-picture_film_103789400	1993
wordnet_most_valuable_player_110332257	1994
wordnet_congressman_109955781	1995
wordnet_monetarist_110328123	1996
wordnet_monarchy_108363812	1997
wordnet_calendar_115173479	1998
wordnet_modeler_110325774	1999
wordnet_protest_107210225	2000
wordnet_protocol_106665108	2001
wordnet_caldera_109231117	2002
wordnet_provost_110486468	2003
wordnet_mishap_107314427	2004
wordnet_nucleotide_114964590	2005
wordnet_numismatist_110366779	2006
wordnet_brokerage_108069878	2007
wordnet_orphan_110384392	2008
wordnet_periodical_106593296	2009
wordnet_perjurer_110416909	2010
wordnet_oxide_114971519	2011
wordnet_clothier_109930772	2012
wordnet_expressway_103306610	2013
wordnet_pesticide_114980215	2014
wordnet_outcast_110386312	2015
wordnet_outbreak_107435273	2016
wordnet_ornithologist_110384214	2017
wordnet_popularizer_110454752	2018
wordnet_orientation_106208021	2019
wordnet_philosophical_doctrine_106167328	2020
wordnet_phonograph_record_103924069	2021
wordnet_phonologist_110426630	2022
wordnet_chief_justice_109916788	2023
wordnet_photographic_equipment_103926148	2024
wordnet_photographic_paper_103926412	2025
wordnet_photojournalist_110427223	2026
wordnet_performing_arts_106157326	2027
wordnet_climatic_zone_108542081	2028
wordnet_performance_106891493	2029
wordnet_palace_103878066	2030
wordnet_classical_music_107025900	2031
wordnet_partnership_108060694	2032
wordnet_classification_system_105727220	2033
wordnet_cleric_109928136	2034
wordnet_clarinet_103037709	2035
wordnet_claimant_109925592	2036
wordnet_paradox_106724559	2037
wordnet_pedaler_110411163	2038
wordnet_civilian_109924742	2039
wordnet_peerage_108388636	2040
wordnet_parachutist_110397482	2041
wordnet_penguin_102055803	2042
wordnet_clerk_109928451	2043
wordnet_pentathlete_110414768	2044
wordnet_pandemic_107435713	2045
wordnet_palindrome_106294828	2046
wordnet_paleontologist_110394786	2047
wordnet_organophosphate_114969994	2048
wordnet_chess_club_108229275	2049
wordnet_physiologist_110429965	2050
wordnet_offense_100980038	2051
wordnet_oceanographer_110370122	2052
wordnet_collision_107302542	2053
wordnet_colony_108374049	2054
wordnet_coloring_107567139	2055
wordnet_center_109904321	2056
wordnet_censor_109903936	2057
wordnet_polar_zone_108573258	2058
wordnet_polder_109397001	2059
wordnet_obstetrician_110369699	2060
wordnet_political_orientation_106212839	2061
wordnet_oboe_103838899	2062
wordnet_objection_107208338	2063
wordnet_cavalryman_109902611	2064
wordnet_oasis_108506496	2065
wordnet_polity_108050385	2066
wordnet_oarsman_110368920	2067
wordnet_cat_102121620	2068
wordnet_center_fielder_110387476	2069
wordnet_offer_107164546	2070
wordnet_coenzyme_114800277	2071
wordnet_office_building_103842012	2072
wordnet_pidgin_106905680	2073
wordnet_orchestra_108248157	2074
wordnet_chart_106999802	2075
wordnet_pipe_103945615	2076
wordnet_pirate_110435367	2077
wordnet_pitch_104985198	2078
wordnet_chapel_103007130	2079
wordnet_operator_110378412	2080
wordnet_oil_114966667	2081
wordnet_collective_108056601	2082
wordnet_planned_community_108553887	2083
wordnet_official_110372076	2084
wordnet_plant_100017222	2085
wordnet_plant_genus_111744859	2086
wordnet_college_108278169	2087
wordnet_plaque_105244239	2088
wordnet_platform_103961939	2089
wordnet_railway_104048568	2090
wordnet_ranch_hand_110506544	2091
wordnet_social_anthropologist_110618465	2092
wordnet_baseball_coach_109841515	2093
wordnet_security_114539268	2094
wordnet_sedative_104166553	2095
wordnet_cymbal_103157348	2096
wordnet_czar_109987239	2097
wordnet_bass_104986796	2098
wordnet_line_113863771	2099
wordnet_lighter-than-air_craft_103666917	2100
wordnet_baseball_league_108231874	2101
wordnet_life_style_104930632	2102
wordnet_science_museum_104147364	2103
wordnet_life_form_105217061	2104
wordnet_sequence_108459252	2105
wordnet_sequencer_104173511	2106
wordnet_base_114618253	2107
wordnet_library_103660909	2108
wordnet_dancing_100428270	2109
wordnet_dauphin_109993122	2110
wordnet_bartender_109841188	2111
wordnet_liqueur_107907943	2112
wordnet_liquor_107901587	2113
wordnet_cyclist_109986189	2114
wordnet_bassoonist_109842716	2115
wordnet_scorer_110562391	2116
wordnet_screenplay_107012279	2117
wordnet_benefit_106892534	2118
wordnet_lutist_110277638	2119
wordnet_bend_113869327	2120
wordnet_cube_103144592	2121
wordnet_seabird_102021795	2122
wordnet_sealing_wax_104160036	2123
wordnet_seaport_108639058	2124
wordnet_seashore_109428293	2125
wordnet_believer_109848489	2126
wordnet_curve_113867641	2127
wordnet_loanblend_106293229	2128
wordnet_custom_100413239	2129
wordnet_lithographer_110266486	2130
wordnet_custom_105667404	2131
wordnet_secretary_110569744	2132
wordnet_liar_110256537	2133
wordnet_lesbian_110254965	2134
wordnet_barony_113251906	2135
wordnet_landscape_architect_110245863	2136
wordnet_land_109335240	2137
wordnet_bagpipe_102775483	2138
wordnet_lagomorph_102323449	2139
wordnet_lacrosse_player_110242682	2140
wordnet_autocracy_108361001	2141
wordnet_skin_disease_114219661	2142
wordnet_skydiver_110608188	2143
wordnet_skyscraper_104233124	2144
wordnet_slaughter_100223983	2145
wordnet_demilitarized_zone_108689947	2146
wordnet_slave_ship_104235165	2147
wordnet_autobiography_106516087	2148
wordnet_small_indefinite_quantity_113760316	2149
wordnet_smith_110614629	2150
wordnet_smoker_110614976	2151
wordnet_dent_104693384	2152
wordnet_authority_105196582	2153
wordnet_landowner_110245639	2154
wordnet_defense_108064130	2155
wordnet_leporid_102323902	2156
wordnet_defect_114464005	2157
wordnet_lepidopterist_110254761	2158
wordnet_leisure_115137676	2159
wordnet_day_115155220	2160
wordnet_legend_106371413	2161
wordnet_shell_104190464	2162
wordnet_shepherd_110588965	2163
wordnet_ship_104194289	2164
wordnet_shipping_company_108003717	2165
wordnet_shire_108587828	2166
wordnet_classification_105732756	2167
wordnet_shop_boy_110591949	2168
wordnet_shore_109433442	2169
wordnet_learning_disorder_114060688	2170
wordnet_dean_109996784	2171
wordnet_debutante_109997834	2172
wordnet_banker_109837824	2173
wordnet_balloonist_109835348	2174
wordnet_benefit_concert_106892657	2175
wordnet_crystallographer_109981740	2176
wordnet_microorganism_101326291	2177
wordnet_body_105216365	2178
wordnet_medium_114899152	2179
wordnet_report_107217924	2180
wordnet_bodyguard_109863031	2181
wordnet_medical_institution_108053905	2182
wordnet_council_108310949	2183
wordnet_council_member_109944763	2184
wordnet_maverick_110303654	2185
wordnet_counselor_109968845	2186
wordnet_resignation_107542433	2187
wordnet_beverage_107881800	2188
wordnet_boatman_109861946	2189
wordnet_resource_113331778	2190
wordnet_mason_110297531	2191
wordnet_board_108322981	2192
wordnet_restraint_104081844	2193
wordnet_retrovirus_101336282	2194
wordnet_mask_103724870	2195
wordnet_bluejacket_109861395	2196
wordnet_bookseller_109866473	2197
wordnet_relationship_113928668	2198
wordnet_bowed_stringed_instrument_102880546	2199
wordnet_copyist_109964805	2200
wordnet_control_105196375	2201
wordnet_raper_110507230	2202
wordnet_bridge_102898711	2203
wordnet_real_estate_broker_110509810	2204
wordnet_real_property_113246475	2205
wordnet_brewer_109874118	2206
wordnet_convention_108309086	2207
wordnet_messiah_109537660	2208
wordnet_brass_102891788	2209
wordnet_recording_104063661	2210
wordnet_brandy_107903208	2211
wordnet_recruit_110512372	2212
wordnet_referee_110514429	2213
wordnet_reference_book_106417598	2214
wordnet_regent_110516117	2215
wordnet_regicide_110516422	2216
wordnet_copy_editor_109964659	2217
wordnet_blockade_100954086	2218
wordnet_country_house_103118969	2219
wordnet_marriage_107989373	2220
wordnet_bird_101503061	2221
wordnet_running_back_110543161	2222
wordnet_saboteur_110544748	2223
wordnet_safety_114538472	2224
wordnet_biophysicist_109856267	2225
wordnet_management_consultant_110289338	2226
wordnet_salesclerk_110548227	2227
wordnet_salesperson_110548681	2228
wordnet_satellite_104137444	2229
wordnet_savior_110553805	2230
wordnet_biography_106515827	2231
wordnet_scale_106856568	2232
wordnet_scandal_107223811	2233
wordnet_malacologist_110284763	2234
wordnet_binary_compound_114618834	2235
wordnet_scholarship_113266170	2236
wordnet_criminologist_109978442	2237
wordnet_ma_110278128	2238
wordnet_runner_110542888	2239
wordnet_rule_106652242	2240
wordnet_rift_valley_109410224	2241
wordnet_managing_editor_110289534	2242
wordnet_marking_104680285	2243
wordnet_right_fielder_110387196	2244
wordnet_block_102852523	2245
wordnet_riot_101170502	2246
wordnet_rite_of_passage_101037294	2247
wordnet_ritual_101027859	2248
wordnet_court_108329453	2249
wordnet_blemish_104692157	2250
wordnet_mark_105737153	2251
wordnet_marathoner_110292969	2252
wordnet_robber_110534586	2253
wordnet_rock_star_110536416	2254
wordnet_rocker_110535881	2255
wordnet_rodent_102329401	2256
wordnet_cowboy_109972661	2257
wordnet_roundhead_110540656	2258
wordnet_mansion_103719053	2259
wordnet_extension_106335162	2260
